launch_date,payload_mass_kg,air_temp_c,wind_speed_m_s,precipitation_mm,humidity_pct,engine_temp_c,chamber_pressure_mpa,vibration_mm_s,engine_health_score,rocket_family,launch_site,outcome
2008-01-01,1722.1,16.4,7.4,0.0,85.6,679.1,10.19,7.09,79.0,Aster-II,Island,success
2008-01-06,1724.3,28.5,5.5,0.0,100.0,665.2,10.66,3.55,97.1,Vega-M,Coastal,success
2008-01-11,1690.2,28.4,3.5,2.1,53.6,821.0,10.5,4.32,97.2,Aster-II,Island,success
2008-01-16,1619.0,17.0,9.9,0.0,44.9,663.8,10.4,3.46,86.1,Vega-M,Inland,success
2008-01-21,1070.8,9.7,12.5,0.0,37.2,690.1,10.49,8.6,72.2,Vega-M,Coastal,success
2008-01-26,915.7,10.4,1.3,0.0,13.9,740.1,11.24,3.28,88.9,Nova-I,Island,success
2008-01-31,2344.0,28.1,1.6,0.0,79.7,708.2,9.6,2.52,86.2,Aster-II,Island,success
2008-02-05,1760.0,17.5,6.3,0.0,49.3,751.0,10.28,2.47,88.8,Nova-I,Island,success
2008-02-10,5985.9,5.4,15.4,1.8,72.6,640.7,9.4,6.91,98.8,Nova-I,Coastal,success
2008-02-15,3331.0,-2.2,1.0,0.0,76.5,708.6,10.59,7.15,93.3,Vega-M,Inland,success
2008-02-20,3265.0,28.0,2.6,1.3,35.5,756.6,10.24,9.02,90.2,Aster-II,Coastal,success
2008-02-25,1579.6,11.4,7.6,7.3,38.3,756.8,11.28,2.7,81.6,Vega-M,Island,success
2008-03-01,2472.2,22.0,6.2,0.0,89.1,689.1,10.4,4.43,82.7,Nova-I,Inland,success
2008-03-06,3497.9,32.9,7.5,0.0,54.7,664.8,10.04,15.88,73.4,Aster-II,Island,failure
2008-03-11,4517.3,2.3,9.5,0.0,43.5,731.5,10.2,4.28,98.2,Aster-II,Coastal,success
2008-03-16,2521.0,17.5,20.8,0.0,36.1,649.1,11.81,3.78,86.3,Nova-I,Coastal,success
2008-03-21,5866.2,16.0,5.4,0.0,53.3,789.4,9.11,4.9,91.3,Nova-I,Inland,success
2008-03-26,2712.8,22.6,11.8,0.0,84.6,728.5,9.89,6.39,80.8,Aster-II,Coastal,success
2008-03-31,4773.6,32.9,8.2,0.0,69.0,682.4,10.43,6.34,90.7,Nova-I,Island,success
2008-04-05,1895.6,2.0,4.9,4.5,59.5,663.1,9.88,3.69,89.8,Vega-M,Inland,success
2008-04-10,731.4,24.8,10.6,0.0,86.2,685.8,10.8,3.74,72.2,Nova-I,Island,success
2008-04-15,3272.2,30.4,6.4,0.0,82.5,635.7,10.35,4.3,76.6,Nova-I,Coastal,success
2008-04-20,4547.0,15.8,7.2,0.0,62.3,746.7,10.61,3.49,79.9,Aster-II,Island,success
2008-04-25,4081.6,16.4,8.8,0.0,100.0,676.6,10.5,2.74,83.3,Nova-I,Island,success
2008-04-30,3655.4,23.0,9.0,0.0,51.3,741.6,10.32,11.8,86.8,Vega-M,Island,success
2008-05-05,2098.6,22.1,3.2,4.7,76.9,749.0,9.34,4.07,91.4,Aster-II,Coastal,success
2008-05-10,1508.9,25.0,6.5,0.0,48.5,772.2,10.54,4.19,96.8,Nova-I,Inland,success
2008-05-15,4012.8,24.7,20.7,0.0,73.2,733.6,8.95,4.25,89.1,Aster-II,Coastal,success
2008-05-20,3666.7,6.2,11.9,0.0,51.3,780.8,9.85,4.77,73.9,Aster-II,Coastal,success
2008-05-25,1801.1,29.9,10.1,0.0,64.8,794.8,10.8,6.1,88.5,Aster-II,Inland,success
2008-05-30,5995.6,32.0,4.6,5.0,100.0,733.9,11.38,3.96,95.0,Vega-M,Inland,success
2008-06-04,1428.4,20.2,4.6,0.0,74.1,737.2,12.33,8.56,90.6,Aster-II,Island,success
2008-06-09,1772.0,0.1,14.6,0.0,65.1,689.9,10.05,6.6,79.6,Aster-II,Coastal,success
2008-06-14,8762.4,16.6,1.6,0.0,41.3,666.7,9.69,4.52,92.2,Nova-I,Coastal,success
2008-06-19,5041.1,20.3,5.3,0.0,59.6,789.2,10.83,3.6,67.8,Aster-II,Inland,success
2008-06-24,2084.4,4.3,16.0,0.0,36.8,752.7,11.93,8.34,56.9,Vega-M,Coastal,success
2008-06-29,3317.3,13.7,5.3,0.0,72.9,757.1,11.66,4.58,87.3,Aster-II,Coastal,success
2008-07-04,3015.3,1.1,11.4,4.9,72.4,688.1,9.55,2.73,79.0,Aster-II,Inland,success
2008-07-09,373.6,25.3,6.9,0.0,52.6,807.7,10.28,8.09,67.2,Aster-II,Coastal,success
2008-07-14,1404.4,20.0,0.4,0.0,87.6,707.7,11.1,3.5,73.6,Aster-II,Inland,success
2008-07-19,2600.3,-1.7,6.7,0.0,84.9,676.7,11.15,7.51,83.6,Vega-M,Coastal,success
2008-07-24,2086.5,22.2,7.7,0.0,58.8,689.0,10.89,1.48,53.7,Nova-I,Island,success
2008-07-29,3222.5,17.3,6.3,0.0,66.7,804.8,10.03,4.15,76.0,Nova-I,Inland,success
2008-08-03,6082.8,24.2,2.7,5.8,44.8,660.0,10.88,8.64,92.7,Aster-II,Coastal,success
2008-08-08,2139.9,13.3,6.3,4.6,50.8,679.4,11.16,4.97,87.5,Aster-II,Island,failure
2008-08-13,1259.5,8.4,1.1,2.3,35.5,876.5,9.64,6.6,92.4,Aster-II,Island,success
2008-08-18,3408.0,8.7,5.3,0.0,46.9,770.8,11.49,3.21,68.8,Nova-I,Coastal,success
2008-08-23,2132.0,11.5,12.1,0.0,54.0,680.4,11.21,5.85,95.5,Nova-I,Coastal,success
2008-08-28,2410.6,18.2,19.9,7.7,24.5,661.6,9.79,4.96,73.2,Aster-II,Inland,success
2008-09-02,2186.2,19.8,17.8,0.0,67.0,629.7,11.16,5.57,95.6,Aster-II,Coastal,success
2008-09-07,13549.7,15.7,3.1,0.0,75.4,725.2,11.07,13.18,85.5,Aster-II,Coastal,success
2008-09-12,537.4,12.9,1.9,1.4,55.8,759.3,11.1,9.26,54.3,Aster-II,Coastal,success
2008-09-17,2039.4,13.8,8.2,6.7,8.0,802.0,11.69,7.24,78.5,Aster-II,Island,failure
2008-09-22,2690.1,47.0,7.3,11.0,51.2,617.7,10.39,7.29,85.0,Vega-M,Inland,success
2008-09-27,1537.0,8.8,10.9,0.0,29.5,648.4,10.67,3.2,93.1,Aster-II,Inland,success
2008-10-02,5155.8,11.3,4.3,0.0,44.4,713.5,8.24,3.95,86.5,Aster-II,Island,success
2008-10-07,4844.2,47.0,7.5,0.0,83.6,870.5,11.31,2.37,92.2,Aster-II,Inland,success
2008-10-12,2606.1,23.1,7.2,2.0,9.7,767.8,11.24,2.69,95.2,Nova-I,Inland,success
2008-10-17,2219.7,1.4,5.4,0.0,40.5,740.1,11.51,3.24,87.0,Nova-I,Coastal,success
2008-10-22,2488.4,28.1,1.5,0.0,71.8,653.9,9.63,4.88,78.7,Aster-II,Coastal,success
2008-10-27,2501.3,7.1,12.0,5.5,42.7,605.5,11.19,2.75,63.3,Vega-M,Inland,success
2008-11-01,2549.3,28.9,8.3,0.0,41.2,722.1,11.24,4.86,80.8,Aster-II,Inland,success
2008-11-06,2355.8,15.5,12.5,0.0,94.6,714.6,9.87,4.6,94.6,Nova-I,Inland,success
2008-11-11,3234.9,12.7,14.6,11.6,63.2,705.5,11.27,2.87,93.7,Aster-II,Island,success
2008-11-16,4639.3,37.3,6.7,0.0,73.8,699.5,10.78,10.3,87.7,Nova-I,Inland,success
2008-11-21,1112.3,24.8,12.0,0.0,65.4,679.6,9.01,2.62,95.9,Aster-II,Inland,success
2008-11-26,1265.9,29.7,20.2,0.0,59.1,667.2,10.88,8.47,79.0,Vega-M,Inland,success
2008-12-01,765.9,23.2,24.5,0.0,80.0,795.0,9.77,1.68,86.9,Aster-II,Coastal,success
2008-12-06,5033.2,12.7,9.0,0.0,92.2,672.1,9.03,4.63,74.5,Aster-II,Coastal,failure
2008-12-11,3230.0,25.3,9.5,0.0,24.0,705.1,10.7,2.79,93.7,Nova-I,Coastal,success
2008-12-16,3880.8,32.5,8.9,0.0,55.3,717.9,10.35,3.62,68.3,Aster-II,Coastal,success
2008-12-21,963.7,19.6,10.6,0.0,55.2,758.1,11.55,11.81,95.5,Vega-M,Coastal,success
2008-12-26,9751.4,39.6,14.2,0.0,47.8,674.0,10.55,4.19,87.2,Aster-II,Island,success
2008-12-31,1740.0,28.2,8.8,0.0,74.6,772.8,11.04,2.91,86.1,Aster-II,Coastal,success
2009-01-05,3044.5,20.5,23.6,0.0,60.9,688.7,10.82,6.26,99.5,Nova-I,Coastal,success
2009-01-10,4989.8,21.0,21.5,0.2,92.6,711.3,11.24,4.18,94.2,Nova-I,Coastal,success
2009-01-15,1325.3,19.6,7.7,0.0,76.9,808.7,9.67,5.32,82.5,Nova-I,Coastal,success
2009-01-20,1820.1,3.0,7.6,0.0,81.9,667.7,10.56,3.19,84.9,Nova-I,Inland,success
2009-01-25,3068.7,16.9,5.1,0.0,33.2,758.9,10.28,3.27,90.8,Nova-I,Inland,success
2009-01-30,21107.4,20.7,11.0,0.0,40.7,774.2,10.94,3.39,91.8,Vega-M,Island,success
2009-02-04,3350.3,13.0,5.8,0.0,42.2,736.7,10.61,7.27,80.3,Aster-II,Inland,success
2009-02-09,8574.8,22.1,4.9,0.0,81.1,713.7,9.9,4.44,80.1,Nova-I,Coastal,success
2009-02-14,6425.9,18.3,10.8,0.0,37.6,834.8,10.12,2.99,86.0,Nova-I,Island,success
2009-02-19,3515.6,27.3,2.9,6.5,38.2,719.3,11.75,5.35,76.8,Nova-I,Coastal,success
2009-02-24,1323.2,26.0,14.3,0.0,34.7,731.0,9.01,5.15,91.2,Vega-M,Coastal,success
2009-03-01,5785.0,20.0,11.1,0.0,100.0,701.8,10.98,6.52,76.3,Nova-I,Coastal,success
2009-03-06,917.2,1.6,20.8,0.0,53.3,728.2,11.42,3.93,88.8,Aster-II,Inland,success
2009-03-11,8541.0,39.5,9.1,0.0,66.1,772.1,10.87,4.77,50.4,Vega-M,Inland,success
2009-03-16,3115.1,16.3,12.4,0.0,34.3,705.1,12.02,6.06,64.0,Nova-I,Coastal,success
2009-03-21,400.1,17.0,13.5,0.0,74.2,606.1,11.17,3.05,79.0,Aster-II,Inland,success
2009-03-26,2110.8,13.9,16.9,0.0,22.3,747.7,10.71,7.58,88.3,Vega-M,Coastal,success
2009-03-31,4319.3,12.1,8.4,2.6,37.4,661.8,10.02,4.99,88.7,Nova-I,Inland,success
2009-04-05,2274.1,36.5,5.1,0.0,42.1,760.1,10.73,2.92,95.6,Nova-I,Coastal,success
2009-04-10,4513.4,34.6,9.3,0.0,60.2,719.9,10.96,2.91,84.1,Vega-M,Coastal,success
2009-04-15,1462.6,23.3,14.3,0.0,40.9,770.9,10.4,4.72,93.4,Vega-M,Coastal,success
2009-04-20,1053.3,16.7,15.6,0.0,85.0,668.8,9.79,3.8,86.5,Aster-II,Inland,success
2009-04-25,2562.0,25.4,1.5,0.0,65.6,691.1,9.41,7.12,72.4,Aster-II,Coastal,success
2009-04-30,2759.3,18.9,34.0,0.0,42.9,701.6,10.55,4.32,82.4,Nova-I,Coastal,success
2009-05-05,2098.9,15.7,4.9,0.0,75.0,640.0,9.19,5.73,51.1,Vega-M,Coastal,success
2009-05-10,6526.7,22.1,12.5,0.0,48.5,780.0,10.01,3.3,83.9,Aster-II,Island,success
2009-05-15,1462.4,12.7,18.2,0.0,44.8,632.2,8.41,4.9,79.1,Nova-I,Island,success
2009-05-20,3379.5,21.0,7.2,0.0,73.0,779.3,11.08,9.31,71.7,Aster-II,Inland,success
2009-05-25,2832.6,20.5,16.0,0.5,9.4,742.9,11.35,4.61,86.2,Vega-M,Coastal,success
2009-05-30,879.3,25.2,1.5,0.0,70.0,709.3,10.46,3.8,69.3,Vega-M,Island,success
2009-06-04,1043.5,10.6,16.4,0.0,42.5,738.6,11.9,3.27,88.2,Nova-I,Island,success
2009-06-09,2720.5,26.5,15.1,6.4,42.4,737.2,11.5,4.91,56.3,Nova-I,Inland,failure
2009-06-14,11231.3,7.1,10.1,0.0,93.2,698.4,10.79,9.74,89.1,Vega-M,Coastal,success
2009-06-19,4093.2,11.1,14.4,0.6,45.9,736.1,10.31,2.57,70.0,Vega-M,Coastal,success
2009-06-24,778.6,11.7,21.9,5.5,74.2,759.5,10.11,4.84,92.1,Aster-II,Coastal,failure
2009-06-29,287.3,5.1,18.6,0.0,61.3,669.0,10.86,2.18,90.0,Aster-II,Island,success
2009-07-04,4572.4,30.2,7.5,0.0,63.3,738.7,10.28,4.07,79.3,Aster-II,Inland,success
2009-07-09,2516.8,6.4,9.2,8.9,51.2,578.2,10.85,5.62,80.3,Nova-I,Coastal,success
2009-07-14,6134.7,9.6,6.6,1.9,50.2,615.8,10.91,2.32,81.5,Nova-I,Coastal,success
2009-07-19,1430.6,33.1,5.9,0.0,85.0,750.5,10.21,4.0,83.2,Nova-I,Inland,success
2009-07-24,3470.8,11.2,13.4,0.0,73.7,697.4,11.3,5.69,63.6,Nova-I,Coastal,success
2009-07-29,4960.4,15.7,6.5,0.0,46.5,673.9,10.21,5.27,82.3,Vega-M,Island,success
2009-08-03,1954.4,5.9,13.4,2.0,36.1,717.1,10.42,5.83,86.3,Nova-I,Island,success
2009-08-08,1984.7,28.0,7.2,1.1,44.9,698.6,9.6,3.1,64.6,Nova-I,Inland,success
2009-08-13,2746.8,28.2,7.9,0.3,74.6,666.6,10.18,5.69,69.1,Aster-II,Coastal,success
2009-08-18,3986.7,26.9,3.9,0.0,78.4,631.5,12.17,3.71,82.9,Nova-I,Inland,success
2009-08-23,2669.6,24.5,13.1,4.5,66.5,613.7,9.66,6.98,82.7,Nova-I,Inland,success
2009-08-28,5438.6,18.9,1.4,0.0,25.3,759.9,10.76,1.63,76.7,Aster-II,Inland,success
2009-09-02,1934.1,11.7,16.8,0.0,70.3,697.2,10.03,4.31,80.8,Nova-I,Coastal,success
2009-09-07,1036.4,8.2,29.6,0.0,80.8,772.4,8.58,5.19,93.2,Aster-II,Coastal,success
2009-09-12,11197.2,33.5,8.2,0.0,59.3,696.6,10.86,9.47,69.6,Vega-M,Coastal,success
2009-09-17,1745.3,27.2,7.9,0.0,93.6,739.2,9.94,5.16,90.4,Nova-I,Inland,success
2009-09-22,1791.3,9.7,2.0,0.0,30.9,713.2,10.66,5.42,94.8,Vega-M,Coastal,success
2009-09-27,2572.5,18.5,5.2,0.0,69.0,722.4,11.21,5.93,60.9,Vega-M,Coastal,success
2009-10-02,2831.0,14.4,14.5,1.1,36.6,725.0,10.59,9.04,94.1,Vega-M,Coastal,success
2009-10-07,2041.8,4.5,15.9,0.0,76.1,695.9,10.67,4.12,81.3,Aster-II,Inland,success
2009-10-12,2663.6,20.1,8.9,0.0,67.6,653.6,9.69,2.53,93.6,Aster-II,Coastal,success
2009-10-17,2621.2,13.0,13.9,0.0,90.2,761.4,10.98,2.3,73.4,Aster-II,Island,success
2009-10-22,3059.1,6.6,4.0,0.0,65.5,806.1,10.24,6.81,72.4,Aster-II,Inland,success
2009-10-27,494.0,0.3,10.4,0.0,48.3,809.6,8.76,5.51,86.0,Nova-I,Coastal,success
2009-11-01,10448.7,-0.8,19.7,0.0,46.7,690.1,11.08,4.38,96.7,Vega-M,Inland,success
2009-11-06,2425.9,13.5,11.9,0.0,51.2,680.4,11.33,3.74,88.1,Aster-II,Coastal,failure
2009-11-11,4097.2,17.0,21.7,0.0,46.3,690.1,11.61,5.4,74.0,Vega-M,Island,success
2009-11-16,1000.0,7.5,22.1,3.4,81.6,710.5,12.18,5.48,84.4,Nova-I,Inland,failure
2009-11-21,1921.5,25.8,10.9,0.0,80.2,717.2,11.03,6.24,97.3,Nova-I,Island,success
2009-11-26,1662.3,17.2,0.1,0.6,27.6,666.1,10.82,2.91,83.8,Aster-II,Coastal,success
2009-12-01,7771.4,24.9,15.6,0.0,56.7,640.1,11.3,2.12,88.5,Aster-II,Inland,success
2009-12-06,1769.1,15.8,2.7,3.2,57.2,722.7,9.67,3.19,92.8,Aster-II,Inland,success
2009-12-11,4655.6,8.6,0.4,0.0,41.2,560.0,9.03,2.59,73.5,Nova-I,Island,success
2009-12-16,1688.7,19.4,1.2,0.0,64.3,714.6,10.01,2.53,96.3,Nova-I,Inland,success
2009-12-21,1947.1,2.8,16.4,0.0,83.8,669.0,11.45,10.52,70.4,Aster-II,Inland,success
2009-12-26,2260.2,24.5,11.0,0.0,72.9,762.1,9.86,1.67,64.4,Nova-I,Coastal,success
2009-12-31,6797.9,6.8,9.1,1.9,81.6,776.6,10.78,6.21,84.6,Vega-M,Coastal,success
2010-01-05,691.8,29.0,11.7,0.0,42.3,777.8,10.87,7.66,87.2,Nova-I,Inland,failure
2010-01-10,1046.0,13.9,1.3,0.0,56.7,701.3,10.6,7.96,89.7,Nova-I,Coastal,success
2010-01-15,663.8,30.8,6.5,3.6,41.5,658.7,9.35,5.66,97.1,Nova-I,Coastal,success
2010-01-20,1232.7,4.5,4.6,13.8,60.5,676.0,10.68,9.33,93.5,Aster-II,Island,success
2010-01-25,1503.6,9.9,8.6,0.0,62.3,735.5,10.05,11.66,92.9,Aster-II,Island,success
2010-01-30,843.5,22.6,8.8,0.0,74.2,631.1,11.8,4.28,91.2,Aster-II,Coastal,success
2010-02-04,1589.9,32.0,11.4,1.6,81.0,795.3,11.33,6.14,71.9,Vega-M,Inland,success
2010-02-09,632.3,38.0,12.6,1.7,69.1,702.1,10.08,9.14,77.1,Nova-I,Coastal,success
2010-02-14,1296.0,18.5,1.4,2.6,39.7,747.0,11.85,3.27,90.5,Aster-II,Inland,success
2010-02-19,6401.6,40.1,6.6,2.7,30.3,623.8,10.68,4.4,98.7,Nova-I,Coastal,success
2010-02-24,3606.8,14.5,7.8,0.0,65.9,670.0,9.03,3.67,66.8,Nova-I,Inland,success
2010-03-01,3087.1,31.2,2.6,0.0,84.5,617.1,10.34,6.18,86.8,Aster-II,Inland,success
2010-03-06,1310.3,6.7,2.3,0.0,55.5,775.1,11.74,1.99,72.8,Nova-I,Island,success
2010-03-11,892.5,23.0,1.2,0.0,27.0,711.3,9.73,9.87,85.6,Aster-II,Coastal,success
2010-03-16,1187.7,-10.1,2.0,5.3,95.6,750.9,10.34,6.4,73.2,Aster-II,Island,success
2010-03-21,2614.7,4.5,13.8,0.0,65.3,723.4,9.28,6.57,90.9,Aster-II,Coastal,success
2010-03-26,5039.6,23.6,1.6,0.0,59.3,745.3,9.42,1.59,89.0,Aster-II,Coastal,success
2010-03-31,5165.2,2.3,1.9,0.0,33.8,701.8,9.72,3.01,85.5,Aster-II,Inland,success
2010-04-05,4247.3,23.1,8.3,0.0,56.3,709.0,9.39,10.13,84.7,Nova-I,Coastal,success
2010-04-10,1586.0,28.9,10.4,0.0,69.1,715.0,9.89,4.55,85.8,Nova-I,Island,success
2010-04-15,2745.4,12.0,7.6,0.0,65.6,741.9,11.83,2.17,91.1,Nova-I,Island,success
2010-04-20,2140.2,6.4,3.1,0.0,43.1,743.3,10.37,5.51,95.4,Aster-II,Coastal,failure
2010-04-25,2333.5,12.3,2.4,0.0,54.9,871.8,11.04,6.86,78.7,Vega-M,Island,success
2010-04-30,11692.8,6.4,8.2,0.0,44.3,810.8,11.3,6.39,70.0,Nova-I,Coastal,success
2010-05-05,758.5,16.8,7.0,0.0,87.6,623.9,9.49,4.61,82.3,Aster-II,Inland,failure
2010-05-10,2278.0,19.2,5.7,0.0,73.0,712.3,9.72,8.54,66.9,Aster-II,Coastal,success
2010-05-15,6454.0,14.3,13.4,2.7,46.0,698.1,11.03,3.54,92.0,Vega-M,Island,success
2010-05-20,938.8,38.1,6.6,0.0,33.8,789.1,9.88,6.42,96.1,Aster-II,Coastal,success
2010-05-25,1696.8,9.4,2.2,0.8,61.3,702.9,10.97,5.28,70.0,Aster-II,Coastal,success
2010-05-30,1842.9,34.7,5.7,0.0,46.6,745.1,11.78,4.65,82.0,Aster-II,Coastal,failure
2010-06-04,2296.7,5.5,11.2,0.0,48.1,593.8,9.21,4.13,63.0,Vega-M,Island,failure
2010-06-09,854.8,18.9,6.3,0.0,34.4,638.3,10.11,4.2,97.0,Nova-I,Island,failure
2010-06-14,4140.6,32.2,11.1,0.0,36.8,833.0,10.24,5.03,62.3,Vega-M,Inland,failure
2010-06-19,4357.8,31.6,12.6,2.6,59.1,722.7,9.97,4.3,93.5,Nova-I,Island,success
2010-06-24,3889.5,13.0,6.6,0.0,50.9,666.1,9.9,7.04,89.8,Vega-M,Island,success
2010-06-29,1441.3,24.7,7.6,0.0,100.0,733.1,10.0,3.83,56.0,Nova-I,Inland,success
2010-07-04,2870.6,23.1,6.0,0.0,67.3,663.1,10.39,10.51,77.7,Nova-I,Coastal,success
2010-07-09,1411.5,11.5,11.3,0.0,34.1,704.7,10.54,3.75,76.2,Nova-I,Island,success
2010-07-14,2122.9,25.4,5.9,0.0,26.8,641.6,11.18,7.7,78.7,Aster-II,Inland,success
2010-07-19,12714.5,40.3,10.5,4.4,63.6,677.4,10.38,7.86,87.3,Nova-I,Coastal,success
2010-07-24,2889.7,23.7,8.9,0.0,48.5,697.5,11.32,5.36,85.7,Nova-I,Coastal,success
2010-07-29,1147.1,24.8,1.2,6.0,81.3,780.5,9.91,5.14,78.2,Aster-II,Inland,success
2010-08-03,3071.3,26.1,10.9,0.6,61.4,745.1,9.41,3.49,82.9,Nova-I,Coastal,failure
2010-08-08,1019.1,0.5,8.3,0.0,18.3,754.5,10.15,3.86,80.8,Aster-II,Island,success
2010-08-13,1137.6,23.5,17.3,0.0,36.6,718.6,10.78,5.5,85.1,Vega-M,Coastal,success
2010-08-18,1274.6,5.8,2.7,12.2,43.2,764.4,11.11,4.85,85.8,Aster-II,Coastal,failure
2010-08-23,1958.8,10.9,9.0,0.0,64.4,672.8,11.6,8.74,54.6,Nova-I,Island,success
2010-08-28,5295.5,43.9,5.2,0.0,36.0,680.4,10.64,3.98,88.2,Nova-I,Coastal,success
2010-09-02,4090.6,15.0,1.4,5.4,58.9,742.0,11.02,4.1,85.7,Vega-M,Coastal,failure
2010-09-07,3930.6,9.1,0.9,0.0,30.6,704.9,11.52,2.23,82.7,Nova-I,Inland,success
2010-09-12,1222.6,31.8,19.6,2.9,56.1,719.3,9.76,6.75,93.6,Nova-I,Island,success
2010-09-17,1826.7,6.6,9.0,0.0,63.0,711.1,10.23,6.46,87.1,Vega-M,Coastal,success
2010-09-22,3280.8,12.6,6.5,0.0,83.8,787.7,12.67,7.92,90.2,Vega-M,Coastal,success
2010-09-27,1715.8,33.0,1.8,0.0,60.7,790.5,11.1,8.13,90.2,Nova-I,Island,success
2010-10-02,2207.4,18.5,18.8,0.0,40.5,686.2,10.82,7.23,91.5,Aster-II,Island,success
2010-10-07,3706.3,-0.7,4.2,0.0,84.4,625.0,11.13,7.38,89.6,Aster-II,Inland,success
2010-10-12,2098.3,24.5,9.4,0.0,52.5,681.6,9.3,6.64,98.6,Aster-II,Coastal,success
2010-10-17,3174.0,13.2,8.1,0.0,70.7,671.6,9.87,7.15,94.2,Nova-I,Coastal,success
2010-10-22,8491.0,36.5,24.7,0.0,44.4,764.9,9.57,2.05,70.4,Nova-I,Coastal,success
2010-10-27,2383.3,10.7,7.4,0.0,57.7,769.7,10.74,2.92,88.3,Aster-II,Coastal,success
2010-11-01,6305.2,30.6,5.0,0.0,40.8,664.3,10.1,2.7,92.8,Nova-I,Inland,success
2010-11-06,4034.9,39.3,9.1,0.0,62.1,679.3,10.48,9.11,67.8,Aster-II,Coastal,success
2010-11-11,937.8,7.8,9.9,0.0,71.3,640.1,10.14,3.4,67.6,Nova-I,Inland,success
2010-11-16,1219.8,15.7,34.0,0.0,46.6,727.3,9.07,3.67,82.5,Vega-M,Inland,success
2010-11-21,1480.0,22.7,7.3,0.0,45.5,717.6,11.13,4.97,83.6,Vega-M,Inland,success
2010-11-26,1457.6,7.7,2.6,0.0,62.8,762.6,8.95,2.73,82.7,Aster-II,Coastal,success
2010-12-01,2527.5,21.2,5.7,0.0,40.3,746.8,9.8,5.95,90.1,Aster-II,Island,success
2010-12-06,4198.8,15.3,9.1,0.0,27.2,753.0,9.32,1.78,83.3,Nova-I,Inland,success
2010-12-11,6658.9,15.1,10.3,0.0,62.7,636.7,9.68,2.81,97.3,Aster-II,Inland,success
2010-12-16,3367.4,18.6,1.6,0.0,54.0,686.2,10.57,5.45,57.4,Nova-I,Coastal,success
2010-12-21,1956.9,18.9,5.2,2.2,53.6,771.2,11.41,2.73,83.6,Vega-M,Coastal,success
2010-12-26,602.3,20.0,23.8,0.0,65.9,690.9,9.12,9.24,90.1,Vega-M,Island,success
2010-12-31,2837.9,10.8,3.5,0.0,68.6,632.1,9.94,5.06,98.4,Vega-M,Coastal,success
2011-01-05,2747.8,11.3,13.6,0.0,52.9,763.6,8.97,8.53,84.3,Vega-M,Coastal,success
2011-01-10,3077.0,16.6,5.8,0.0,34.7,688.8,9.9,5.88,80.2,Vega-M,Inland,success
2011-01-15,12289.4,17.5,7.7,0.0,43.9,777.4,10.46,4.92,77.1,Nova-I,Inland,success
2011-01-20,6589.5,12.7,1.9,0.0,67.1,719.0,11.03,3.07,96.4,Vega-M,Island,success
2011-01-25,4746.9,21.9,6.3,0.0,58.6,705.0,8.66,7.74,86.8,Aster-II,Coastal,success
2011-01-30,1349.3,-3.8,9.0,0.0,45.6,793.6,10.85,6.12,74.2,Aster-II,Island,success
2011-02-04,1864.3,9.2,7.4,0.0,41.1,649.7,9.6,13.47,85.5,Aster-II,Coastal,success
2011-02-09,2519.2,14.6,6.6,0.0,67.7,797.4,9.4,7.37,96.4,Nova-I,Inland,success
2011-02-14,1543.3,7.7,11.3,0.0,51.8,685.5,10.46,4.09,91.1,Nova-I,Inland,success
2011-02-19,3867.4,37.6,2.4,0.0,70.3,728.8,10.91,5.69,74.3,Nova-I,Coastal,success
2011-02-24,3487.6,18.2,9.4,0.0,72.7,729.3,10.32,6.07,85.6,Nova-I,Coastal,success
2011-03-01,1232.0,20.1,0.8,0.0,50.1,696.9,9.5,8.66,73.9,Aster-II,Coastal,success
2011-03-06,6385.0,12.2,16.2,0.0,74.0,678.8,10.32,9.34,88.1,Vega-M,Island,success
2011-03-11,2903.5,17.8,6.8,0.0,58.6,700.0,9.81,4.58,95.4,Aster-II,Inland,success
2011-03-16,776.7,3.4,13.0,1.3,61.1,665.2,10.9,2.76,84.2,Aster-II,Island,success
2011-03-21,2599.4,16.0,0.3,3.7,14.4,825.9,11.28,2.03,86.6,Aster-II,Island,success
2011-03-26,3302.6,6.8,11.8,0.0,37.6,694.0,11.23,2.87,96.1,Aster-II,Inland,success
2011-03-31,5433.9,14.7,4.1,0.0,38.6,782.6,10.38,3.73,88.6,Nova-I,Island,success
2011-04-05,2115.4,-12.7,7.7,0.0,49.9,775.5,11.32,10.2,82.1,Vega-M,Coastal,success
2011-04-10,4895.7,4.5,11.9,1.6,58.2,739.6,9.56,10.27,89.8,Nova-I,Coastal,success
2011-04-15,3086.3,35.6,7.2,0.0,58.9,712.7,11.86,7.85,41.1,Aster-II,Island,success
2011-04-20,1046.5,28.0,11.0,0.0,61.4,730.5,9.56,8.94,95.0,Aster-II,Island,success
2011-04-25,973.7,33.8,5.9,2.9,43.0,750.9,8.74,3.53,73.8,Aster-II,Coastal,success
2011-04-30,6052.6,34.7,17.1,0.0,69.1,725.4,11.52,2.39,95.4,Vega-M,Inland,success
2011-05-05,6381.2,26.1,6.7,5.3,90.4,635.4,9.82,3.06,96.2,Nova-I,Inland,success
2011-05-10,3403.3,12.6,6.9,0.0,49.3,621.8,10.5,1.87,85.0,Vega-M,Island,success
2011-05-15,7918.1,5.6,6.9,0.0,43.4,801.5,9.55,2.9,85.9,Aster-II,Inland,success
2011-05-20,5771.9,31.8,7.5,1.9,43.0,577.7,12.34,3.89,77.4,Vega-M,Coastal,success
2011-05-25,4412.6,18.8,2.5,0.0,57.6,730.6,11.89,5.37,85.9,Aster-II,Coastal,success
2011-05-30,1399.5,47.0,3.4,0.0,46.0,707.3,11.67,5.29,70.2,Vega-M,Coastal,success
2011-06-04,9382.8,13.6,14.3,3.8,23.1,728.7,10.47,3.56,83.1,Vega-M,Inland,success
2011-06-09,3968.5,41.7,13.0,7.3,28.3,658.4,11.2,6.51,88.5,Aster-II,Island,failure
2011-06-14,2043.0,16.1,12.5,0.0,75.4,738.9,10.36,3.59,92.8,Vega-M,Inland,success
2011-06-19,1667.1,34.0,10.3,14.8,80.4,731.1,11.32,4.98,72.6,Aster-II,Coastal,success
2011-06-24,3245.0,38.4,5.1,0.0,86.4,869.1,10.06,2.91,69.7,Aster-II,Coastal,success
2011-06-29,809.8,5.7,4.7,0.0,60.3,727.0,11.7,8.35,69.1,Vega-M,Inland,success
2011-07-04,4463.8,12.2,7.3,7.8,37.2,792.8,10.02,5.0,90.1,Nova-I,Island,success
2011-07-09,1357.5,5.6,15.8,0.0,47.7,639.1,10.12,6.86,96.1,Aster-II,Coastal,success
2011-07-14,3522.2,3.2,8.7,1.7,27.7,775.1,10.02,2.76,87.2,Nova-I,Coastal,success
2011-07-19,1852.8,26.0,3.3,0.0,26.9,732.2,10.56,5.39,91.5,Nova-I,Inland,success
2011-07-24,2229.7,15.6,2.0,0.0,60.8,734.6,10.08,6.52,93.2,Vega-M,Coastal,success
2011-07-29,1564.0,18.6,13.3,0.0,66.2,735.3,10.8,1.86,82.1,Nova-I,Island,success
2011-08-03,2401.7,24.7,19.2,0.0,93.2,812.1,10.01,8.68,91.5,Nova-I,Coastal,success
2011-08-08,10512.8,-4.3,1.6,5.2,54.4,733.8,11.05,2.72,96.1,Nova-I,Coastal,failure
2011-08-13,7311.8,33.4,13.6,0.0,30.2,677.7,11.65,5.48,93.1,Aster-II,Island,success
2011-08-18,3481.5,13.8,10.1,0.0,53.7,686.7,10.46,11.68,73.1,Vega-M,Coastal,success
2011-08-23,2648.6,24.4,3.9,0.0,50.6,764.1,12.22,7.83,71.7,Vega-M,Coastal,success
2011-08-28,4953.4,25.4,8.8,0.0,46.7,744.2,11.32,2.42,94.9,Nova-I,Coastal,success
2011-09-02,6085.0,34.4,2.8,0.0,62.5,637.4,12.15,4.55,95.6,Aster-II,Coastal,success
2011-09-07,1484.1,16.7,6.4,0.0,32.9,747.8,10.35,8.95,55.0,Aster-II,Coastal,failure
2011-09-12,2551.0,-7.5,7.6,0.0,58.5,661.6,9.04,3.35,86.2,Aster-II,Coastal,success
2011-09-17,726.5,18.7,17.0,0.0,68.4,743.7,9.82,4.17,93.1,Aster-II,Coastal,success
2011-09-22,6055.0,20.4,6.1,0.0,83.0,676.5,9.9,4.11,79.4,Nova-I,Coastal,success
2011-09-27,11930.1,5.6,4.3,0.0,61.9,704.8,9.62,6.51,97.4,Aster-II,Inland,success
2011-10-02,2857.4,19.8,9.6,0.0,75.8,690.6,8.6,2.37,90.3,Aster-II,Inland,success
2011-10-07,584.1,13.7,11.2,0.0,47.6,802.0,11.24,6.69,95.1,Aster-II,Coastal,success
2011-10-12,4181.4,1.9,4.2,0.0,50.2,741.7,8.87,3.67,92.9,Aster-II,Coastal,success
2011-10-17,1406.8,26.1,3.1,0.0,81.6,788.1,11.16,4.93,85.3,Vega-M,Inland,success
2011-10-22,1673.0,11.2,3.4,0.0,29.9,876.3,12.19,4.45,95.8,Aster-II,Island,success
2011-10-27,4235.0,13.1,17.0,1.3,48.3,722.5,9.76,6.61,45.3,Nova-I,Island,success
2011-11-01,3239.8,12.4,10.8,0.0,77.4,801.1,10.72,4.9,93.0,Vega-M,Coastal,failure
2011-11-06,1898.0,32.8,5.8,1.3,52.0,682.2,10.07,9.89,91.8,Vega-M,Coastal,success
2011-11-11,1689.7,17.5,15.2,0.0,50.6,787.8,11.08,7.96,93.8,Nova-I,Coastal,success
2011-11-16,2953.1,18.9,4.2,0.0,51.0,676.4,9.42,3.38,90.6,Aster-II,Coastal,success
2011-11-21,2008.6,12.7,7.1,4.4,58.2,719.0,10.29,9.54,89.7,Nova-I,Inland,success
2011-11-26,1213.6,23.6,2.8,0.0,76.6,749.0,11.32,5.77,69.7,Aster-II,Coastal,failure
2011-12-01,2122.9,34.2,14.8,0.0,73.6,757.5,10.36,5.37,83.5,Nova-I,Coastal,success
2011-12-06,3444.4,25.8,3.9,0.0,56.2,651.3,9.06,7.44,82.8,Aster-II,Coastal,success
2011-12-11,2372.7,26.2,4.0,0.0,76.8,673.2,11.42,3.0,69.2,Nova-I,Inland,success
2011-12-16,974.8,25.3,9.7,0.0,62.5,753.0,9.34,2.55,95.6,Aster-II,Coastal,success
2011-12-21,5497.9,1.4,0.7,8.2,72.3,700.1,10.46,5.01,94.3,Vega-M,Island,success
2011-12-26,375.4,7.5,2.2,0.0,36.5,644.5,10.88,3.7,85.0,Nova-I,Coastal,success
2011-12-31,1955.9,15.5,12.2,0.0,89.0,716.2,10.5,13.4,63.9,Vega-M,Island,success
2012-01-05,1725.8,9.3,3.3,0.0,60.2,713.6,12.48,3.43,80.5,Vega-M,Coastal,success
2012-01-10,3001.0,5.2,29.9,0.0,8.0,729.6,11.0,5.05,85.7,Vega-M,Island,success
2012-01-15,4041.6,-4.5,8.4,0.7,87.5,748.6,10.23,5.43,68.2,Nova-I,Island,success
2012-01-20,6071.0,1.8,1.4,0.0,56.1,745.1,10.89,8.94,82.5,Vega-M,Island,success
2012-01-25,1615.0,14.9,19.8,1.5,48.5,678.5,10.57,3.07,83.4,Nova-I,Island,success
2012-01-30,4114.8,17.2,8.4,0.0,44.5,697.8,10.44,2.28,97.7,Nova-I,Island,success
2012-02-04,3105.7,8.5,6.5,0.0,64.4,770.1,10.6,9.67,94.6,Vega-M,Inland,success
2012-02-09,786.6,18.9,8.4,0.0,39.1,690.7,10.04,5.15,62.7,Aster-II,Island,success
2012-02-14,10597.7,12.8,1.4,0.7,45.0,698.7,10.57,7.31,99.4,Aster-II,Coastal,success
2012-02-19,957.3,31.1,7.3,0.0,45.5,638.8,9.99,7.47,90.6,Nova-I,Inland,success
2012-02-24,3648.4,16.1,3.6,0.0,50.4,718.5,8.85,8.12,79.2,Vega-M,Inland,success
2012-02-29,3571.6,26.4,6.9,2.6,46.2,738.6,11.33,4.13,89.4,Aster-II,Island,success
2012-03-05,3289.4,20.4,5.2,0.0,72.2,613.3,9.94,3.63,78.5,Aster-II,Inland,success
2012-03-10,1889.2,1.2,8.1,0.0,61.2,662.2,10.52,1.9,64.9,Vega-M,Coastal,success
2012-03-15,4893.3,16.9,5.8,4.7,63.5,643.2,9.78,3.07,67.5,Nova-I,Inland,success
2012-03-20,877.0,3.2,4.9,0.0,67.6,762.6,9.8,5.1,70.5,Nova-I,Coastal,success
2012-03-25,2572.4,16.7,3.2,0.0,54.2,616.7,9.55,3.54,91.9,Aster-II,Coastal,success
2012-03-30,1797.2,9.1,1.5,0.0,36.6,715.8,11.18,2.86,61.5,Vega-M,Inland,success
2012-04-04,1656.3,22.6,1.2,4.4,90.3,758.8,11.38,5.07,90.6,Nova-I,Coastal,success
2012-04-09,3672.8,1.9,2.3,0.0,73.6,730.1,10.42,9.44,92.6,Nova-I,Coastal,success
2012-04-14,5859.3,18.2,11.6,0.0,86.6,696.2,9.96,4.82,87.7,Nova-I,Coastal,success
2012-04-19,2106.7,24.9,3.1,0.0,75.7,738.7,9.01,2.88,83.0,Vega-M,Coastal,success
2012-04-24,4731.9,28.9,4.3,0.0,47.3,776.0,11.05,9.12,76.4,Nova-I,Coastal,success
2012-04-29,2795.6,8.8,4.3,0.0,11.4,714.2,9.85,3.42,85.1,Aster-II,Coastal,success
2012-05-04,1418.3,18.2,5.2,0.0,32.6,599.1,9.48,10.08,92.9,Vega-M,Inland,success
2012-05-09,2240.1,20.2,10.2,0.0,68.1,782.0,10.42,4.37,90.7,Nova-I,Coastal,success
2012-05-14,2174.1,36.6,5.8,0.0,54.1,741.6,10.13,5.2,93.3,Aster-II,Island,success
2012-05-19,1633.4,0.2,13.1,0.0,48.0,718.2,9.16,10.48,99.1,Aster-II,Island,failure
2012-05-24,3672.1,7.1,2.3,1.3,8.6,613.1,9.27,2.59,83.1,Vega-M,Inland,success
2012-05-29,3193.7,47.0,12.2,0.0,55.8,703.9,10.68,2.99,72.0,Nova-I,Coastal,success
2012-06-03,858.1,14.7,18.3,0.0,35.4,672.7,9.86,4.23,95.4,Nova-I,Inland,success
2012-06-08,821.3,-4.7,7.2,0.0,42.2,654.3,10.82,4.63,83.7,Nova-I,Island,success
2012-06-13,3662.0,11.0,2.9,0.0,72.2,712.6,10.52,17.61,73.3,Aster-II,Inland,failure
2012-06-18,1499.7,-15.2,10.4,1.4,36.4,691.1,11.26,3.23,87.1,Vega-M,Island,success
2012-06-23,3352.5,20.9,7.3,0.0,38.3,694.6,9.72,2.65,87.7,Nova-I,Inland,success
2012-06-28,4732.8,27.7,9.1,0.0,59.5,759.9,10.59,3.16,89.7,Nova-I,Inland,success
2012-07-03,1080.2,7.1,13.3,4.7,72.6,733.8,10.92,5.54,64.3,Vega-M,Coastal,success
2012-07-08,976.2,12.4,5.4,0.0,48.3,693.2,9.89,6.27,85.7,Nova-I,Inland,success
2012-07-13,9005.5,29.1,4.8,0.8,83.9,686.4,11.32,3.53,91.9,Nova-I,Coastal,success
2012-07-18,3474.2,-3.0,33.7,2.8,31.7,695.4,9.03,5.0,76.3,Aster-II,Inland,success
2012-07-23,1994.5,2.1,10.5,0.0,28.4,706.6,9.72,12.6,85.7,Nova-I,Island,success
2012-07-28,1376.9,15.3,14.9,0.0,26.8,751.5,9.0,5.04,92.7,Nova-I,Coastal,success
2012-08-02,1867.7,9.0,12.8,0.0,24.6,663.7,9.8,5.78,83.3,Aster-II,Inland,success
2012-08-07,1144.6,14.5,15.0,5.8,62.4,798.8,10.27,12.26,73.0,Nova-I,Coastal,success
2012-08-12,5095.2,2.8,9.4,0.0,37.4,751.6,11.08,3.54,77.3,Aster-II,Inland,success
2012-08-17,1541.9,20.6,13.8,0.0,29.2,572.2,10.27,3.43,81.5,Aster-II,Coastal,success
2012-08-22,5927.4,16.2,4.3,0.0,63.2,724.6,9.91,3.95,76.4,Aster-II,Island,success
2012-08-27,2021.4,24.6,1.5,0.0,71.7,776.2,9.13,3.84,96.5,Nova-I,Coastal,failure
2012-09-01,1272.6,20.4,3.4,2.2,76.0,741.0,9.4,2.07,92.9,Vega-M,Island,success
2012-09-06,1984.4,20.5,6.5,0.0,72.6,697.7,10.65,5.29,90.1,Nova-I,Island,success
2012-09-11,407.7,0.6,5.9,0.0,38.6,716.7,11.12,5.5,86.6,Aster-II,Inland,success
2012-09-16,2472.7,23.9,7.3,0.0,61.2,729.6,10.06,4.53,69.8,Nova-I,Island,success
2012-09-21,2386.3,14.0,4.1,1.8,65.4,761.6,11.39,5.58,79.0,Vega-M,Island,success
2012-09-26,4884.5,16.0,0.9,0.0,47.0,643.6,9.62,5.61,51.9,Nova-I,Island,failure
2012-10-01,693.6,30.6,5.3,6.2,59.1,687.3,10.08,2.63,72.9,Nova-I,Coastal,success
2012-10-06,6226.3,9.4,2.1,9.6,32.2,808.5,10.15,5.69,73.4,Aster-II,Inland,success
2012-10-11,4869.9,34.2,7.1,3.6,44.1,721.8,11.65,6.48,93.2,Nova-I,Coastal,success
2012-10-16,6644.0,35.3,9.7,0.0,63.1,802.5,10.51,2.3,81.4,Nova-I,Inland,success
2012-10-21,2596.8,27.0,5.2,0.0,84.6,881.2,8.93,10.0,89.6,Aster-II,Coastal,success
2012-10-26,5597.1,6.2,2.7,3.5,77.9,693.4,11.18,2.74,75.5,Vega-M,Inland,success
2012-10-31,935.1,-8.2,7.6,1.4,68.6,655.3,11.91,2.87,84.0,Nova-I,Inland,failure
2012-11-05,4507.0,30.9,34.0,0.0,57.5,705.7,10.2,5.46,75.7,Vega-M,Inland,failure
2012-11-10,1548.1,19.3,10.5,0.0,54.6,779.3,9.66,6.4,81.5,Vega-M,Inland,success
2012-11-15,821.4,9.1,11.0,0.0,28.5,786.9,11.11,7.19,86.6,Vega-M,Island,success
2012-11-20,1200.7,32.1,4.8,1.2,40.1,842.7,12.01,6.48,97.2,Aster-II,Island,success
2012-11-25,2708.0,7.7,3.7,2.9,40.7,718.0,11.1,3.86,92.8,Aster-II,Inland,success
2012-11-30,1490.0,12.9,15.1,0.0,66.9,746.4,9.07,5.22,95.2,Aster-II,Inland,success
2012-12-05,3536.1,24.3,0.5,0.0,74.0,681.6,11.02,4.25,86.6,Aster-II,Island,success
2012-12-10,733.7,4.6,4.0,0.0,70.0,584.6,10.73,5.39,91.3,Vega-M,Coastal,success
2012-12-15,583.2,16.7,21.0,4.2,78.5,717.9,9.62,5.12,75.3,Nova-I,Coastal,success
2012-12-20,7245.4,31.1,6.8,0.0,57.4,657.7,11.46,3.89,91.9,Nova-I,Coastal,success
2012-12-25,5170.6,20.5,1.7,0.0,37.3,754.7,10.76,4.19,84.2,Nova-I,Inland,success
2012-12-30,1267.1,33.0,9.9,0.0,55.1,618.4,11.48,2.04,89.1,Vega-M,Coastal,success
2013-01-04,2691.5,31.6,5.3,3.3,42.2,680.1,9.53,7.38,84.8,Aster-II,Island,success
2013-01-09,5619.8,18.1,1.3,0.0,68.5,734.5,10.73,5.71,86.2,Aster-II,Inland,success
2013-01-14,3647.6,-10.0,8.6,0.0,49.2,740.1,9.67,1.64,78.3,Vega-M,Coastal,success
2013-01-19,3001.1,4.7,7.7,0.0,54.1,717.4,10.6,7.25,80.6,Vega-M,Island,success
2013-01-24,5934.3,27.2,7.4,0.7,69.2,820.8,11.61,4.83,78.8,Nova-I,Island,failure
2013-01-29,1593.8,-0.6,10.4,0.0,41.9,804.8,9.23,3.16,86.9,Vega-M,Coastal,success
2013-02-03,2758.5,14.1,2.5,0.0,74.3,683.0,9.28,3.03,86.6,Vega-M,Coastal,success
2013-02-08,2662.8,22.1,9.2,0.0,30.4,806.9,11.18,3.56,93.6,Nova-I,Coastal,success
2013-02-13,2216.3,35.6,8.1,0.0,61.8,815.2,10.39,3.17,66.4,Aster-II,Coastal,success
2013-02-18,2037.2,11.1,14.8,2.4,54.3,713.3,11.36,3.38,94.9,Nova-I,Coastal,success
2013-02-23,2842.6,10.3,3.9,2.1,71.7,722.5,9.74,11.2,54.3,Aster-II,Island,success
2013-02-28,2764.9,17.4,16.6,0.0,29.9,717.3,10.44,5.92,66.5,Aster-II,Coastal,success
2013-03-05,1267.9,22.2,12.7,5.8,26.9,685.2,10.96,13.16,54.8,Nova-I,Coastal,failure
2013-03-10,4804.4,16.1,6.6,0.0,70.3,690.5,10.57,5.52,89.8,Nova-I,Inland,success
2013-03-15,1335.4,30.6,7.4,12.2,48.6,791.2,8.93,6.54,52.2,Nova-I,Inland,failure
2013-03-20,2305.1,8.4,0.6,0.0,54.3,743.6,12.71,3.25,74.8,Nova-I,Island,success
2013-03-25,2180.7,19.4,7.2,0.0,43.5,690.1,10.57,4.57,88.6,Aster-II,Island,success
2013-03-30,3490.6,23.3,12.1,1.5,73.3,670.0,9.3,4.76,92.2,Nova-I,Inland,success
2013-04-04,586.5,13.2,5.8,7.4,61.7,679.1,10.66,6.67,71.4,Nova-I,Coastal,success
2013-04-09,5122.8,28.1,14.8,0.0,60.6,711.2,10.75,4.84,97.3,Aster-II,Island,success
2013-04-14,1656.7,19.8,10.0,0.0,33.8,769.3,11.22,5.86,76.9,Aster-II,Inland,success
2013-04-19,6492.3,27.5,25.2,0.7,65.5,673.6,11.16,5.76,60.4,Aster-II,Island,success
2013-04-24,1911.6,20.3,4.2,0.0,37.1,768.7,10.22,4.28,88.9,Vega-M,Coastal,success
2013-04-29,2604.1,22.5,11.3,0.0,43.5,730.6,8.99,4.08,92.1,Nova-I,Island,success
2013-05-04,10699.2,10.4,2.1,0.0,30.1,727.7,10.78,3.59,80.6,Vega-M,Inland,success
2013-05-09,2209.0,10.4,6.2,0.0,53.0,775.4,9.05,8.33,73.7,Nova-I,Coastal,failure
2013-05-14,6581.2,32.7,10.4,0.0,76.2,765.5,11.4,4.28,87.6,Aster-II,Inland,success
2013-05-19,2774.2,25.6,11.8,11.5,60.3,644.2,9.8,5.8,94.6,Vega-M,Inland,success
2013-05-24,3637.7,5.7,5.5,0.0,47.6,661.5,10.92,4.59,84.5,Vega-M,Coastal,success
2013-05-29,2836.6,20.2,15.9,0.0,58.1,707.6,9.86,8.25,88.6,Aster-II,Inland,failure
2013-06-03,4966.4,-10.5,18.2,0.0,58.0,739.2,10.0,1.91,91.9,Aster-II,Island,success
2013-06-08,1646.5,11.1,4.2,1.8,57.3,793.7,9.74,5.73,89.7,Nova-I,Coastal,success
2013-06-13,1328.1,29.5,6.4,0.0,59.4,723.5,10.99,2.71,80.3,Aster-II,Inland,success
2013-06-18,1703.1,16.5,5.9,2.7,36.2,812.0,9.89,5.97,87.5,Aster-II,Coastal,success
2013-06-23,2898.0,19.4,4.8,0.0,58.0,681.8,11.03,4.62,81.2,Vega-M,Coastal,success
2013-06-28,2300.8,-18.2,17.5,0.0,22.7,691.0,9.91,2.44,92.0,Aster-II,Island,success
2013-07-03,4498.0,13.3,17.3,3.4,66.9,703.5,10.21,5.82,88.3,Nova-I,Island,success
2013-07-08,6900.9,22.1,6.0,0.0,35.0,675.9,10.43,5.52,72.5,Aster-II,Coastal,success
2013-07-13,1335.9,23.6,11.3,5.3,78.4,782.6,10.53,4.43,84.4,Nova-I,Island,success
2013-07-18,1590.1,29.5,14.7,0.0,9.5,570.4,9.64,4.71,95.5,Nova-I,Island,success
2013-07-23,959.0,15.5,8.7,0.0,87.8,692.8,10.98,5.35,75.9,Nova-I,Coastal,success
2013-07-28,11636.1,16.0,5.7,0.0,24.9,782.0,10.18,8.72,96.5,Aster-II,Island,success
2013-08-02,3358.9,2.0,4.0,1.7,33.2,703.1,10.85,4.26,83.6,Nova-I,Coastal,success
2013-08-07,3810.3,15.5,12.0,0.0,61.7,777.9,10.39,8.05,89.8,Nova-I,Island,success
2013-08-12,1027.7,2.9,2.3,0.0,67.8,838.7,10.88,4.86,89.1,Nova-I,Inland,success
2013-08-17,2695.0,-4.2,5.8,0.0,50.6,724.3,10.06,9.23,92.5,Vega-M,Inland,failure
2013-08-22,3891.9,5.0,5.1,3.1,73.0,783.1,9.75,4.42,88.3,Aster-II,Coastal,success
2013-08-27,2248.5,36.1,2.2,4.0,40.9,850.6,10.75,3.6,91.3,Nova-I,Island,success
2013-09-01,5851.8,14.8,6.8,6.0,48.4,741.7,10.0,2.92,82.6,Nova-I,Coastal,success
2013-09-06,14250.1,20.6,6.3,0.0,50.3,717.4,11.6,4.87,86.2,Aster-II,Coastal,success
2013-09-11,1363.9,11.8,3.3,0.0,45.8,768.7,10.46,3.38,76.3,Nova-I,Coastal,success
2013-09-16,1292.2,-3.5,17.0,4.5,19.3,783.9,9.27,9.72,87.4,Aster-II,Island,failure
2013-09-21,1433.7,29.2,12.1,2.6,55.5,717.9,9.92,3.26,93.5,Aster-II,Coastal,success
2013-09-26,8573.8,-8.1,7.5,0.3,53.8,693.9,9.58,3.56,74.4,Vega-M,Island,success
2013-10-01,5713.0,11.3,13.3,1.9,76.5,812.7,11.28,6.55,60.7,Nova-I,Inland,success
2013-10-06,2446.5,17.3,15.5,5.6,31.6,705.4,11.03,8.75,84.6,Aster-II,Coastal,failure
2013-10-11,2769.2,20.8,17.5,0.0,43.9,784.5,10.35,7.04,94.5,Nova-I,Coastal,success
2013-10-16,1498.3,9.3,4.2,0.0,78.9,734.2,10.64,8.23,97.0,Vega-M,Coastal,success
2013-10-21,5119.5,-4.1,13.3,1.7,61.6,818.7,10.33,4.77,75.2,Vega-M,Inland,success
2013-10-26,2051.8,8.4,6.3,0.0,66.4,674.2,11.11,4.8,93.7,Aster-II,Island,success
2013-10-31,2236.7,9.0,8.5,0.0,64.6,674.0,10.83,13.01,84.4,Aster-II,Coastal,success
2013-11-05,4181.1,8.7,4.3,0.0,64.7,766.1,10.97,11.15,87.8,Nova-I,Island,success
2013-11-10,2355.8,29.6,7.2,0.0,90.6,659.0,10.24,6.98,67.3,Vega-M,Coastal,success
2013-11-15,2277.5,3.4,13.4,3.1,57.7,726.3,9.88,8.42,77.5,Aster-II,Island,success
2013-11-20,2717.9,21.6,20.5,15.8,36.8,803.6,10.95,7.48,78.6,Nova-I,Island,success
2013-11-25,4782.2,19.9,6.7,0.0,68.1,623.6,11.67,2.78,76.7,Aster-II,Island,success
2013-11-30,8826.2,29.5,3.4,0.0,45.2,741.7,11.31,4.86,61.7,Aster-II,Inland,success
2013-12-05,4111.5,16.4,22.5,0.0,53.9,785.4,11.7,10.16,90.7,Vega-M,Island,success
2013-12-10,4809.7,27.5,4.0,3.3,63.0,718.6,10.53,7.0,89.2,Aster-II,Coastal,success
2013-12-15,2335.8,15.9,1.5,0.0,40.4,669.9,9.6,4.8,94.8,Aster-II,Coastal,success
2013-12-20,1620.3,23.2,4.6,0.0,46.3,705.8,9.68,10.22,93.0,Aster-II,Coastal,success
2013-12-25,4319.4,-0.0,0.7,0.0,65.0,674.7,11.53,5.91,72.9,Nova-I,Inland,success
2013-12-30,3051.2,-13.7,15.0,0.0,45.6,723.7,8.87,7.12,86.0,Nova-I,Inland,success
2014-01-04,968.5,22.5,3.8,0.0,74.5,705.1,11.63,5.93,75.9,Nova-I,Inland,success
2014-01-09,2129.8,23.2,2.7,0.0,37.3,692.3,9.75,6.42,95.7,Vega-M,Island,success
2014-01-14,2541.0,23.7,7.9,0.0,37.2,745.2,11.98,6.65,95.5,Aster-II,Coastal,success
2014-01-19,1867.7,11.7,20.5,0.0,92.2,805.3,10.34,9.24,73.3,Aster-II,Inland,success
2014-01-24,7838.9,35.9,10.1,0.0,26.9,737.7,10.99,9.84,75.1,Nova-I,Coastal,success
2014-01-29,3810.4,12.5,2.3,0.0,55.5,792.6,12.36,3.99,81.6,Nova-I,Coastal,success
2014-02-03,7249.5,23.1,27.6,0.0,91.2,805.3,10.13,5.87,95.7,Aster-II,Inland,success
2014-02-08,3260.6,25.1,9.3,4.0,55.5,688.3,10.12,9.12,88.9,Nova-I,Island,failure
2014-02-13,2860.1,38.6,14.0,0.0,81.6,734.8,9.83,4.65,94.3,Nova-I,Inland,success
2014-02-18,1374.2,14.2,1.8,8.5,68.4,697.1,9.58,2.64,80.6,Aster-II,Coastal,success
2014-02-23,2720.5,10.2,24.7,0.0,55.9,640.0,10.13,3.2,77.9,Nova-I,Inland,success
2014-02-28,2722.8,0.0,5.4,3.5,53.5,739.2,9.95,3.31,90.1,Nova-I,Coastal,success
2014-03-05,1008.0,36.6,1.7,0.0,15.7,663.2,9.37,3.98,79.4,Aster-II,Island,failure
2014-03-10,1829.0,23.1,8.6,0.0,49.9,746.2,10.23,3.46,66.7,Vega-M,Inland,success
2014-03-15,2137.2,23.4,14.0,0.0,60.4,636.0,10.77,8.12,91.3,Nova-I,Coastal,success
2014-03-20,3632.6,47.0,11.2,0.0,60.4,729.2,9.67,4.34,73.9,Aster-II,Coastal,failure
2014-03-25,3760.0,21.9,11.1,0.0,100.0,635.2,10.27,9.07,89.4,Vega-M,Coastal,success
2014-03-30,1774.8,2.4,10.5,6.3,61.3,756.4,11.55,2.88,54.6,Aster-II,Island,failure
2014-04-04,3780.4,15.6,8.0,0.0,68.0,698.8,9.24,4.18,89.7,Aster-II,Inland,success
2014-04-09,2365.9,6.3,1.8,6.7,78.1,693.6,11.98,5.21,95.2,Aster-II,Island,success
2014-04-14,341.7,13.2,6.2,0.0,66.3,780.8,9.85,7.31,81.7,Aster-II,Inland,success
2014-04-19,1902.7,13.2,5.6,0.0,54.4,702.6,10.56,8.58,76.7,Nova-I,Inland,success
2014-04-24,5865.7,11.0,17.6,3.8,54.5,726.0,11.45,3.83,83.4,Aster-II,Coastal,success
2014-04-29,803.6,1.3,15.0,0.0,49.3,709.3,11.7,7.98,76.6,Nova-I,Island,success
2014-05-04,2925.3,37.1,5.0,0.0,64.4,747.4,10.79,2.21,87.9,Nova-I,Coastal,success
2014-05-09,8445.5,21.6,12.5,0.0,52.8,776.3,9.83,7.53,97.3,Nova-I,Inland,success
2014-05-14,1559.9,15.3,6.9,0.0,67.9,765.1,9.76,2.6,81.9,Nova-I,Inland,success
2014-05-19,2701.5,27.1,1.5,0.0,36.8,694.8,9.93,6.14,61.6,Nova-I,Inland,success
2014-05-24,1054.8,23.7,0.6,0.0,58.8,785.3,11.95,8.52,84.5,Aster-II,Island,success
2014-05-29,8704.6,21.3,11.5,0.0,85.5,670.5,10.09,7.58,67.8,Vega-M,Coastal,success
2014-06-03,2540.2,26.2,3.0,0.0,51.7,679.9,10.67,2.26,78.3,Nova-I,Inland,success
2014-06-08,2789.4,19.6,3.0,0.0,91.0,713.1,9.54,4.0,76.3,Aster-II,Coastal,success
2014-06-13,7151.6,26.0,4.1,0.0,59.1,776.5,9.45,6.99,95.7,Aster-II,Inland,success
2014-06-18,4342.8,27.0,11.7,5.4,54.9,656.8,10.42,6.89,85.6,Nova-I,Coastal,success
2014-06-23,1435.9,20.0,15.1,0.0,58.2,768.1,10.13,5.65,90.7,Nova-I,Coastal,success
2014-06-28,1692.5,15.4,14.9,0.0,50.1,717.0,10.19,1.72,94.2,Nova-I,Coastal,success
2014-07-03,3852.0,36.4,1.3,2.6,18.4,696.6,9.19,8.8,81.7,Nova-I,Coastal,success
2014-07-08,1721.0,12.3,4.0,3.3,72.7,779.3,10.34,9.59,80.9,Nova-I,Coastal,success
2014-07-13,587.3,22.7,3.4,0.0,97.7,676.7,11.67,5.36,67.0,Nova-I,Inland,success
2014-07-18,2595.8,23.0,11.7,0.0,65.1,843.4,9.7,5.53,85.8,Aster-II,Inland,success
2014-07-23,929.1,10.7,4.0,0.0,66.3,710.5,11.14,6.31,88.9,Nova-I,Coastal,success
2014-07-28,8636.2,8.3,6.6,3.8,52.5,728.1,7.56,9.98,69.3,Nova-I,Coastal,success
2014-08-02,3063.4,13.8,12.4,0.0,78.0,803.3,9.74,5.59,89.4,Nova-I,Coastal,success
2014-08-07,1405.7,12.1,7.5,0.0,55.3,729.5,8.83,4.52,79.1,Aster-II,Inland,success
2014-08-12,1631.1,0.5,9.3,0.0,61.1,784.2,11.41,5.95,65.2,Nova-I,Coastal,failure
2014-08-17,692.0,10.2,6.4,0.0,26.3,614.5,11.12,4.93,83.6,Aster-II,Coastal,success
2014-08-22,1222.2,21.2,14.1,0.0,45.9,696.1,9.55,4.95,85.1,Nova-I,Coastal,success
2014-08-27,5606.9,33.2,15.0,5.5,63.0,741.4,10.64,2.12,86.5,Nova-I,Inland,success
2014-09-01,13452.0,24.7,10.5,0.0,73.2,778.4,11.39,6.37,96.4,Vega-M,Coastal,success
2014-09-06,4550.6,-13.2,15.1,0.0,73.8,761.6,11.51,8.69,69.0,Nova-I,Inland,success
2014-09-11,2524.3,25.7,33.5,3.0,26.0,756.5,10.07,8.08,64.7,Nova-I,Inland,success
2014-09-16,1976.3,11.3,12.3,0.0,27.9,777.3,8.59,7.82,72.2,Nova-I,Inland,failure
2014-09-21,1354.7,23.4,7.1,0.0,67.1,745.7,9.66,4.83,94.0,Vega-M,Inland,failure
2014-09-26,11885.0,17.8,9.4,0.0,41.8,604.3,11.03,5.31,96.7,Aster-II,Inland,success
2014-10-01,2354.5,15.7,16.1,3.8,73.0,797.9,12.12,8.77,57.8,Aster-II,Coastal,failure
2014-10-06,12372.8,16.8,5.3,0.0,25.0,674.8,10.36,7.51,92.3,Vega-M,Island,success
2014-10-11,7356.5,17.7,5.0,3.6,54.1,736.9,9.9,10.11,79.4,Nova-I,Inland,success
2014-10-16,770.2,34.1,9.3,0.0,55.3,729.8,12.37,3.59,67.1,Vega-M,Coastal,failure
2014-10-21,1669.9,17.8,7.0,0.0,65.1,722.6,10.73,3.58,97.2,Nova-I,Inland,success
2014-10-26,1666.2,31.0,3.4,0.0,36.4,660.3,9.39,4.22,89.4,Aster-II,Coastal,success
2014-10-31,2546.6,29.3,8.3,0.0,18.6,615.3,10.3,3.15,91.4,Aster-II,Inland,success
2014-11-05,2582.7,26.0,18.3,0.0,59.3,665.9,11.22,2.63,90.2,Nova-I,Inland,success
2014-11-10,23325.3,-3.4,10.3,0.0,66.0,764.6,10.34,6.2,95.3,Vega-M,Island,success
2014-11-15,1241.9,31.4,2.8,0.0,75.1,641.9,11.05,6.0,76.0,Nova-I,Island,success
2014-11-20,3180.7,12.5,11.4,0.0,49.2,672.5,9.08,5.57,85.0,Vega-M,Inland,success
2014-11-25,4204.4,26.6,6.0,2.7,70.7,742.6,9.22,5.87,74.5,Nova-I,Inland,success
2014-11-30,2694.2,6.3,26.6,0.0,65.2,664.5,9.8,2.45,77.4,Aster-II,Island,success
2014-12-05,2920.0,3.8,10.8,0.0,81.1,690.7,10.17,3.93,84.0,Vega-M,Coastal,success
2014-12-10,1271.2,41.7,4.6,0.0,54.9,724.4,10.67,4.3,76.1,Nova-I,Island,success
2014-12-15,2912.2,6.5,12.0,0.0,23.1,735.3,10.92,5.07,76.6,Vega-M,Inland,success
2014-12-20,3898.0,31.8,8.7,3.5,54.7,663.4,12.42,2.46,57.3,Aster-II,Coastal,success
2014-12-25,3414.8,19.4,17.2,4.1,57.7,727.6,9.79,3.17,60.9,Aster-II,Coastal,success
2014-12-30,4066.5,13.0,5.0,0.0,65.8,741.5,10.14,4.02,68.4,Nova-I,Island,success
2015-01-04,7458.3,17.5,10.8,8.8,26.9,651.2,9.82,8.23,59.6,Aster-II,Coastal,failure
2015-01-09,5295.5,2.4,1.8,0.0,50.1,731.6,11.29,5.62,67.7,Aster-II,Coastal,success
2015-01-14,2839.4,17.8,8.1,8.0,72.5,681.3,11.33,8.09,87.8,Aster-II,Coastal,success
2015-01-19,1160.2,5.0,2.8,1.6,54.0,726.7,10.03,4.67,93.1,Nova-I,Coastal,success
2015-01-24,1751.1,13.3,8.5,0.0,50.2,759.0,12.09,4.96,91.9,Nova-I,Coastal,success
2015-01-29,2302.8,29.1,9.9,0.0,92.2,710.5,9.82,6.29,83.8,Vega-M,Inland,success
2015-02-03,3234.7,21.1,10.5,0.4,35.7,769.3,11.24,4.55,75.0,Nova-I,Coastal,success
2015-02-08,1911.4,0.2,5.0,0.0,79.4,762.7,11.59,3.67,91.4,Aster-II,Island,success
2015-02-13,1375.1,28.2,8.2,0.0,75.4,769.0,9.28,2.42,84.9,Vega-M,Island,success
2015-02-18,1146.5,17.9,15.8,0.0,51.7,741.8,10.87,3.72,93.9,Nova-I,Coastal,success
2015-02-23,821.5,11.5,21.9,0.0,55.4,779.4,8.17,7.4,73.4,Nova-I,Coastal,failure
2015-02-28,2277.5,27.0,8.4,0.0,55.3,740.8,11.08,9.07,82.6,Aster-II,Inland,success
2015-03-05,936.2,16.0,16.1,0.0,59.5,630.0,9.5,3.42,85.9,Nova-I,Coastal,success
2015-03-10,1312.4,4.0,3.7,0.0,44.7,677.2,10.87,2.16,86.9,Aster-II,Coastal,success
2015-03-15,2031.2,40.2,5.6,0.0,47.9,708.6,11.02,7.73,92.6,Aster-II,Island,success
2015-03-20,1030.9,17.8,9.1,0.0,49.3,715.3,11.32,5.12,86.4,Aster-II,Island,failure
2015-03-25,3545.5,17.0,7.0,0.0,49.9,739.3,11.13,2.59,85.2,Nova-I,Island,success
2015-03-30,4596.1,13.1,6.5,0.0,50.1,676.4,10.45,1.11,71.7,Aster-II,Coastal,success
2015-04-04,1816.0,32.2,15.0,0.0,13.4,828.5,10.09,3.12,92.3,Aster-II,Inland,success
2015-04-09,1969.1,11.7,3.2,0.0,57.9,714.5,10.34,3.97,76.6,Nova-I,Inland,success
2015-04-14,3971.7,-0.5,3.5,0.0,46.0,719.6,9.48,2.85,96.7,Aster-II,Coastal,success
2015-04-19,1613.1,9.9,2.4,0.0,20.5,683.8,10.23,6.9,88.0,Vega-M,Inland,success
2015-04-24,1535.2,33.9,9.3,0.0,49.3,665.8,10.16,3.35,81.1,Aster-II,Coastal,success
2015-04-29,6383.5,28.0,6.0,0.0,48.8,713.2,9.75,4.98,62.7,Aster-II,Coastal,success
2015-05-04,5098.1,14.9,14.0,6.1,80.2,721.5,8.97,15.48,86.2,Nova-I,Inland,failure
2015-05-09,4159.4,34.5,8.7,0.0,45.8,715.3,9.35,5.24,88.2,Nova-I,Coastal,success
2015-05-14,5252.5,27.0,4.9,3.8,68.7,809.4,7.82,4.69,90.2,Nova-I,Coastal,success
2015-05-19,649.6,14.8,4.3,0.0,82.3,713.2,10.15,4.74,82.7,Nova-I,Island,success
2015-05-24,7149.2,16.0,0.6,0.0,44.1,715.4,10.7,6.83,97.8,Vega-M,Island,success
2015-05-29,3577.0,22.0,6.7,0.0,55.1,764.0,8.2,6.43,94.1,Nova-I,Inland,failure
2015-06-03,5584.6,8.0,2.8,0.0,88.8,710.8,10.59,3.06,96.8,Vega-M,Island,success
2015-06-08,3564.4,18.1,15.2,0.0,60.4,749.1,10.3,4.07,80.0,Nova-I,Island,success
2015-06-13,2794.0,21.7,5.7,4.1,63.1,650.9,9.44,3.6,88.8,Nova-I,Coastal,success
2015-06-18,2212.3,-2.2,2.0,0.5,48.3,651.4,10.05,4.32,85.5,Nova-I,Coastal,success
2015-06-23,3513.4,15.7,17.3,0.0,69.1,726.6,11.26,11.9,73.4,Nova-I,Coastal,failure
2015-06-28,2155.0,14.4,6.8,4.3,55.2,707.5,9.6,6.66,72.3,Vega-M,Coastal,success
2015-07-03,5038.5,30.3,11.4,0.0,21.2,676.3,10.46,4.77,72.7,Vega-M,Island,success
2015-07-08,860.7,-4.1,4.9,0.0,49.3,726.6,10.68,9.0,90.5,Vega-M,Coastal,success
2015-07-13,1826.3,13.4,17.6,5.7,33.5,731.3,9.73,5.42,68.5,Nova-I,Inland,success
2015-07-18,11757.8,12.2,3.8,0.0,58.1,681.7,11.23,2.26,76.4,Aster-II,Coastal,success
2015-07-23,1718.5,29.5,6.0,0.0,38.6,692.0,10.73,11.01,91.7,Nova-I,Coastal,success
2015-07-28,2271.4,17.5,1.4,0.0,65.1,731.7,10.19,4.59,96.0,Vega-M,Island,success
2015-08-02,1428.7,39.6,17.4,0.0,56.9,664.9,12.34,1.68,63.1,Aster-II,Coastal,failure
2015-08-07,3435.1,25.9,4.5,0.0,32.3,687.4,11.23,2.3,93.2,Nova-I,Coastal,success
2015-08-12,1587.5,13.1,9.5,0.0,46.6,748.8,9.02,8.51,85.3,Nova-I,Coastal,success
2015-08-17,2359.9,20.9,10.4,0.0,67.8,718.7,10.08,2.32,81.6,Nova-I,Inland,success
2015-08-22,4970.0,13.8,15.5,0.0,77.8,694.2,12.42,9.47,79.4,Nova-I,Inland,success
2015-08-27,1630.9,28.3,9.0,1.1,38.9,671.2,9.59,5.15,76.5,Vega-M,Inland,success
2015-09-01,4759.0,2.0,7.1,0.0,35.1,665.3,10.45,6.98,97.7,Vega-M,Coastal,success
2015-09-06,4875.6,8.1,14.5,0.0,93.1,712.9,11.41,4.38,76.6,Vega-M,Coastal,success
2015-09-11,5765.0,23.5,10.3,0.0,55.8,829.4,10.93,6.37,76.9,Nova-I,Island,failure
2015-09-16,2984.5,32.7,6.3,0.0,57.7,750.6,11.05,5.77,64.4,Aster-II,Inland,failure
2015-09-21,24000.0,-8.4,17.9,0.0,42.0,648.0,11.0,4.86,96.1,Nova-I,Inland,success
2015-09-26,5763.3,34.5,10.9,0.0,60.1,758.2,10.42,2.97,90.0,Aster-II,Inland,success
2015-10-01,3408.1,16.3,2.6,1.8,88.6,679.0,9.75,5.88,88.2,Nova-I,Island,success
2015-10-06,1435.6,-4.6,20.0,0.0,60.8,719.7,10.76,2.07,77.3,Nova-I,Coastal,success
2015-10-11,2515.2,-18.0,4.8,0.0,76.2,688.2,10.07,7.75,68.9,Aster-II,Coastal,success
2015-10-16,7532.3,-0.4,15.5,0.0,56.6,829.2,10.01,5.44,90.1,Nova-I,Inland,success
2015-10-21,9236.0,17.8,2.0,1.5,36.5,658.8,11.62,6.19,85.9,Aster-II,Coastal,success
2015-10-26,7819.7,17.2,14.4,0.0,43.0,736.9,10.09,1.41,95.0,Aster-II,Island,success
2015-10-31,4747.3,25.6,2.7,0.0,34.8,683.0,11.8,2.89,92.8,Nova-I,Inland,success
2015-11-05,1092.2,11.4,8.8,0.0,60.1,759.9,10.61,3.89,70.7,Vega-M,Island,success
2015-11-10,3830.5,4.7,10.6,0.0,79.3,735.8,10.27,6.84,96.3,Aster-II,Island,success
2015-11-15,1103.4,13.0,6.4,0.0,59.1,787.7,8.91,3.15,85.1,Vega-M,Inland,success
2015-11-20,924.3,18.4,7.7,0.0,50.2,758.8,12.14,16.83,88.6,Aster-II,Island,success
2015-11-25,3204.1,20.8,3.3,0.0,41.0,682.5,10.4,4.36,59.9,Aster-II,Inland,success
2015-11-30,3931.2,8.5,13.5,0.0,62.8,877.5,8.54,3.04,76.8,Aster-II,Island,failure
2015-12-05,5169.0,28.8,9.1,0.0,32.5,750.0,11.21,4.53,78.7,Vega-M,Coastal,success
2015-12-10,3858.1,10.5,3.8,4.8,34.5,690.3,10.36,3.14,90.0,Aster-II,Inland,success
2015-12-15,3955.0,7.6,9.4,0.0,73.1,731.1,9.64,2.81,79.4,Nova-I,Inland,success
2015-12-20,1327.5,11.5,9.6,0.0,50.7,754.1,11.16,8.05,99.8,Nova-I,Coastal,success
2015-12-25,2500.9,30.9,8.0,0.0,50.3,752.0,8.31,6.34,83.2,Aster-II,Coastal,success
2015-12-30,911.3,16.4,0.6,0.0,52.8,746.8,9.81,6.35,83.7,Nova-I,Island,success
2016-01-04,637.5,9.7,5.7,0.0,69.8,772.2,10.15,9.14,95.3,Nova-I,Inland,success
2016-01-09,4597.5,29.1,13.3,0.0,59.1,766.9,11.1,6.26,90.2,Nova-I,Coastal,success
2016-01-14,1568.3,43.7,11.1,0.0,41.9,674.2,12.24,2.97,80.2,Aster-II,Coastal,success
2016-01-19,5055.3,20.5,10.8,0.0,42.6,833.8,10.2,6.96,89.0,Nova-I,Coastal,success
2016-01-24,5991.0,32.8,9.1,0.0,52.3,826.3,10.78,2.88,78.5,Aster-II,Coastal,success
2016-01-29,1726.9,30.4,14.4,0.0,61.7,763.3,12.65,3.94,94.5,Vega-M,Island,success
2016-02-03,4125.8,10.7,4.8,0.0,55.3,722.1,10.4,4.85,86.2,Vega-M,Coastal,success
2016-02-08,1675.7,18.3,4.0,3.9,53.6,723.0,10.78,4.62,89.6,Nova-I,Coastal,success
2016-02-13,714.1,2.6,23.3,0.0,56.9,702.5,9.39,2.1,65.6,Aster-II,Inland,success
2016-02-18,2947.7,15.5,4.4,9.2,55.3,709.5,12.01,3.11,90.4,Aster-II,Coastal,success
2016-02-23,1921.7,10.5,2.5,0.0,41.2,601.9,9.82,4.9,78.1,Aster-II,Coastal,success
2016-02-28,1964.8,13.2,6.3,0.0,77.0,802.6,10.62,3.69,84.8,Aster-II,Inland,success
2016-03-04,11184.1,9.0,8.2,0.0,46.8,783.6,10.6,8.5,85.9,Nova-I,Inland,success
2016-03-09,899.1,14.6,14.4,10.1,58.5,629.5,10.47,9.23,96.1,Vega-M,Island,failure
2016-03-14,3553.4,24.4,5.7,0.0,16.9,768.1,10.04,2.89,88.5,Nova-I,Inland,success
2016-03-19,1317.8,16.6,5.7,0.0,51.9,719.6,10.6,5.1,88.3,Vega-M,Inland,success
2016-03-24,5187.2,-4.4,7.7,0.0,35.1,709.3,11.84,10.59,95.8,Aster-II,Island,failure
2016-03-29,3343.8,9.0,5.0,0.0,37.4,746.6,12.27,4.64,54.9,Nova-I,Island,success
2016-04-03,3544.4,-0.2,2.1,0.0,100.0,625.9,10.26,4.07,71.2,Aster-II,Inland,success
2016-04-08,1366.1,20.9,2.7,9.7,60.7,719.4,10.03,7.49,54.7,Nova-I,Island,success
2016-04-13,1554.3,24.0,17.0,0.0,79.3,724.3,9.74,4.34,92.1,Aster-II,Island,success
2016-04-18,5258.6,21.1,12.4,3.3,72.3,724.3,12.6,9.12,91.4,Aster-II,Island,success
2016-04-23,9652.5,8.6,7.5,2.3,74.7,646.2,10.51,3.72,99.2,Nova-I,Coastal,success
2016-04-28,3811.7,21.0,11.0,2.4,52.2,744.1,11.31,3.94,71.9,Nova-I,Inland,success
2016-05-03,1413.5,12.4,12.7,0.4,86.5,777.2,10.97,7.24,93.9,Aster-II,Coastal,success
2016-05-08,3442.8,4.3,4.6,0.0,72.1,742.0,12.21,5.2,93.9,Nova-I,Inland,success
2016-05-13,15487.4,26.9,3.3,0.0,56.8,707.6,10.2,5.22,90.5,Vega-M,Inland,success
2016-05-18,2903.7,27.8,15.9,0.0,61.0,865.2,9.49,1.98,69.8,Aster-II,Island,success
2016-05-23,7727.4,29.4,0.8,0.0,53.4,670.1,11.92,4.18,78.3,Aster-II,Island,success
2016-05-28,1582.8,10.7,11.2,0.0,57.0,761.8,11.14,7.5,87.7,Nova-I,Coastal,success
2016-06-02,2616.8,32.2,8.7,1.9,55.2,733.1,10.77,3.4,95.8,Aster-II,Inland,success
2016-06-07,4213.7,12.1,14.9,0.0,63.2,828.7,11.66,6.93,97.5,Vega-M,Inland,success
2016-06-12,3590.6,25.8,11.4,0.0,89.1,740.9,10.82,5.63,75.9,Nova-I,Coastal,success
2016-06-17,1553.4,11.9,11.0,0.0,33.1,752.5,11.69,4.5,85.7,Nova-I,Coastal,failure
2016-06-22,1505.9,15.3,3.5,0.0,77.7,747.3,10.6,9.5,99.1,Nova-I,Coastal,success
2016-06-27,5494.8,-11.1,13.0,0.0,49.0,662.9,11.14,4.21,71.5,Nova-I,Island,success
2016-07-02,6360.8,14.4,10.2,0.0,80.1,673.1,10.83,4.35,82.1,Aster-II,Inland,success
2016-07-07,8012.4,19.1,3.9,0.0,49.7,705.1,10.13,4.48,70.4,Aster-II,Island,success
2016-07-12,9885.6,13.1,8.8,0.0,63.8,771.7,10.23,5.15,73.2,Aster-II,Inland,success
2016-07-17,2971.8,39.1,2.9,1.1,53.0,732.6,10.08,7.16,92.4,Nova-I,Island,success
2016-07-22,2155.8,4.1,6.7,0.0,23.1,708.8,10.62,2.44,77.7,Nova-I,Coastal,success
2016-07-27,7134.6,11.2,29.4,0.0,89.0,794.1,10.03,7.51,89.6,Nova-I,Island,success
2016-08-01,4507.1,7.1,3.4,0.0,38.1,612.9,10.76,5.12,82.5,Vega-M,Coastal,success
2016-08-06,1329.6,11.2,2.0,0.0,57.6,650.0,10.73,6.46,77.3,Aster-II,Inland,success
2016-08-11,1281.5,30.4,2.7,0.0,36.0,585.2,10.57,15.61,91.9,Nova-I,Island,success
2016-08-16,3843.7,35.7,6.7,0.0,30.6,785.2,10.58,3.87,81.8,Vega-M,Island,success
2016-08-21,2374.1,9.6,12.0,0.0,52.1,714.8,9.94,2.75,72.9,Nova-I,Island,success
2016-08-26,2646.4,9.3,7.9,0.0,44.7,772.2,10.17,5.44,95.7,Nova-I,Coastal,success
2016-08-31,5838.5,4.1,2.3,0.0,33.8,714.1,9.03,5.87,94.3,Nova-I,Coastal,success
2016-09-05,4658.8,33.7,11.9,0.0,55.3,775.3,10.3,7.53,95.5,Vega-M,Coastal,success
2016-09-10,7027.0,31.5,1.2,0.0,27.8,713.2,9.59,3.83,80.2,Aster-II,Coastal,success
2016-09-15,671.4,16.7,2.6,0.0,58.4,742.1,10.48,3.33,92.1,Aster-II,Inland,success
2016-09-20,3237.1,1.2,4.8,0.0,53.6,734.2,9.81,2.37,95.2,Nova-I,Inland,success
2016-09-25,4447.8,2.3,15.5,5.2,8.9,738.2,8.72,2.57,84.3,Nova-I,Island,success
2016-09-30,898.6,20.0,8.1,0.0,46.1,811.0,12.25,4.06,87.2,Aster-II,Island,success
2016-10-05,1683.2,24.6,8.3,7.3,64.9,632.3,10.21,4.68,88.8,Nova-I,Inland,success
2016-10-10,1472.7,-6.8,2.4,6.5,35.8,716.3,11.59,13.35,83.5,Vega-M,Island,success
2016-10-15,2739.8,14.1,5.2,2.2,65.7,730.7,9.97,2.2,79.3,Aster-II,Coastal,success
2016-10-20,8708.5,37.4,14.1,1.5,64.2,722.6,11.79,5.82,60.2,Aster-II,Coastal,failure
2016-10-25,11571.1,15.4,9.8,0.0,36.7,698.5,9.46,3.5,94.5,Aster-II,Inland,success
2016-10-30,1500.7,35.9,12.2,4.6,55.8,691.1,10.54,5.51,85.8,Vega-M,Island,success
2016-11-04,3940.7,25.8,7.5,1.1,71.7,802.6,9.5,3.8,90.7,Aster-II,Coastal,success
2016-11-09,4033.3,5.0,14.2,0.0,39.3,716.2,12.53,8.14,78.1,Aster-II,Inland,failure
2016-11-14,3565.6,14.5,2.3,0.0,52.1,851.6,10.2,8.12,69.3,Vega-M,Inland,failure
2016-11-19,3594.9,16.5,6.6,0.6,77.9,748.5,11.08,4.69,54.7,Nova-I,Coastal,success
2016-11-24,3356.6,6.6,10.8,0.0,39.7,704.4,10.77,9.88,83.0,Vega-M,Coastal,success
2016-11-29,9091.1,6.4,1.7,6.4,64.7,749.8,10.38,7.13,93.9,Nova-I,Island,success
2016-12-04,5965.7,36.1,0.4,0.0,35.5,725.9,10.82,9.66,90.9,Aster-II,Inland,success
2016-12-09,1257.3,6.3,23.3,0.0,52.9,792.5,11.51,4.85,93.1,Vega-M,Coastal,failure
2016-12-14,4783.5,30.9,8.2,0.0,64.5,656.9,10.95,7.82,81.7,Aster-II,Island,success
2016-12-19,5128.2,12.8,1.5,0.0,10.3,622.7,10.53,3.43,73.8,Aster-II,Coastal,success
2016-12-24,3383.9,17.7,8.0,0.0,45.8,739.5,10.83,3.26,84.2,Aster-II,Island,success
2016-12-29,6091.4,24.7,2.6,20.9,64.2,765.1,11.97,14.1,86.8,Nova-I,Coastal,failure
2017-01-03,3088.4,10.8,3.5,0.0,60.3,735.4,10.06,2.94,87.2,Nova-I,Inland,success
2017-01-08,3116.1,24.8,15.9,0.0,46.1,756.3,8.88,4.02,87.1,Nova-I,Coastal,failure
2017-01-13,2943.3,-6.6,4.9,0.0,35.0,748.4,9.5,1.99,75.9,Aster-II,Coastal,success
2017-01-18,630.7,23.3,4.9,0.0,67.9,640.1,9.56,3.3,91.2,Aster-II,Island,success
2017-01-23,2545.6,-11.6,2.5,0.7,49.9,735.2,9.68,3.07,84.2,Nova-I,Coastal,success
2017-01-28,1667.1,15.3,5.8,0.0,66.4,791.1,9.71,3.59,61.9,Vega-M,Coastal,success
2017-02-02,1148.0,28.3,8.6,0.0,63.2,729.3,10.38,5.72,87.6,Nova-I,Coastal,success
2017-02-07,7574.1,25.5,4.9,7.5,47.5,649.3,10.6,6.42,82.1,Aster-II,Inland,success
2017-02-12,3877.8,2.4,27.2,0.0,76.4,702.0,10.59,3.05,92.4,Nova-I,Island,success
2017-02-17,2640.0,4.0,3.1,0.0,44.7,750.1,9.8,3.39,56.2,Nova-I,Island,success
2017-02-22,1796.0,9.7,3.1,0.0,78.6,817.0,11.21,8.33,75.7,Aster-II,Coastal,success
2017-02-27,3338.4,20.2,5.6,0.0,81.1,614.4,10.84,11.23,97.8,Aster-II,Coastal,success
2017-03-04,5507.3,-6.4,25.2,0.8,76.0,739.5,11.7,9.05,61.8,Nova-I,Coastal,success
2017-03-09,1487.1,17.8,12.3,0.0,52.6,669.7,11.09,2.25,81.5,Vega-M,Inland,success
2017-03-14,2687.9,21.7,4.8,0.0,100.0,747.4,10.11,8.77,93.8,Vega-M,Island,success
2017-03-19,5039.2,14.6,4.8,0.0,58.9,751.7,11.47,12.06,80.5,Aster-II,Inland,success
2017-03-24,669.2,24.3,3.0,1.6,60.6,707.4,10.62,2.19,86.2,Vega-M,Inland,success
2017-03-29,2587.8,20.7,5.5,0.0,55.6,754.1,11.05,8.33,92.5,Vega-M,Coastal,success
2017-04-03,1980.1,11.5,6.4,0.0,34.5,781.6,10.99,5.52,87.6,Nova-I,Island,success
2017-04-08,2449.5,-5.2,11.9,0.0,80.6,711.1,10.3,4.23,85.6,Aster-II,Inland,success
2017-04-13,1879.6,19.6,10.3,0.0,45.1,647.8,10.48,5.21,81.1,Aster-II,Coastal,success
2017-04-18,2978.2,6.6,5.4,0.0,73.5,797.0,10.29,6.13,96.0,Nova-I,Coastal,success
2017-04-23,10775.3,11.1,19.4,0.0,78.0,764.7,9.7,8.63,94.8,Nova-I,Coastal,success
2017-04-28,2136.2,23.7,4.3,0.0,67.5,750.4,8.64,8.42,70.5,Nova-I,Coastal,failure
2017-05-03,3327.7,35.0,2.0,0.0,42.9,682.7,9.83,2.4,91.8,Aster-II,Coastal,success
2017-05-08,11341.4,17.5,8.8,0.0,49.5,773.2,10.56,3.63,92.3,Vega-M,Inland,success
2017-05-13,1815.3,24.6,15.1,0.0,8.0,830.3,11.29,5.18,85.3,Aster-II,Inland,success
2017-05-18,9962.3,0.7,7.2,0.0,53.8,713.4,11.05,10.53,86.4,Nova-I,Coastal,failure
2017-05-23,2707.6,20.9,2.4,0.0,71.3,725.1,10.17,1.34,88.3,Nova-I,Coastal,success
2017-05-28,9730.0,17.3,8.3,2.6,51.5,662.5,9.84,3.69,91.8,Aster-II,Island,success
2017-06-02,4629.2,32.8,9.1,0.0,44.8,681.1,10.25,2.38,86.2,Aster-II,Island,success
2017-06-07,3364.8,11.5,9.8,0.0,50.3,662.0,9.6,2.57,91.9,Vega-M,Inland,success
2017-06-12,2572.8,15.1,8.5,0.0,79.1,727.1,8.67,7.95,84.2,Vega-M,Coastal,success
2017-06-17,1721.1,30.7,16.4,0.0,55.0,701.6,9.13,3.84,67.3,Vega-M,Island,success
2017-06-22,2848.6,16.9,3.0,0.0,91.3,740.1,11.53,1.62,73.5,Vega-M,Coastal,success
2017-06-27,5146.6,4.7,0.2,9.4,45.2,671.8,11.92,4.59,66.0,Vega-M,Coastal,failure
2017-07-02,2671.9,47.0,1.2,0.0,60.1,711.0,11.02,13.16,88.1,Aster-II,Island,success
2017-07-07,2147.4,5.1,2.4,0.0,47.8,668.5,10.35,2.08,73.5,Nova-I,Inland,success
2017-07-12,2251.7,17.2,13.4,0.0,95.4,730.1,9.26,6.4,81.0,Nova-I,Inland,success
2017-07-17,5511.5,22.2,5.8,0.0,59.4,631.9,10.27,10.51,71.4,Nova-I,Inland,success
2017-07-22,6516.7,21.2,20.4,0.0,96.4,728.2,10.9,4.84,90.9,Nova-I,Inland,success
2017-07-27,1668.5,15.7,2.8,0.0,48.0,704.9,11.08,12.5,88.8,Nova-I,Coastal,failure
2017-08-01,1666.7,15.8,20.1,0.0,85.0,729.8,10.96,3.61,82.5,Vega-M,Coastal,success
2017-08-06,3544.5,15.2,3.6,2.0,58.2,630.8,11.39,9.92,91.7,Nova-I,Coastal,success
2017-08-11,8101.7,4.6,6.4,0.0,71.9,755.4,11.99,8.85,74.5,Vega-M,Coastal,success
2017-08-16,6155.6,43.8,1.5,0.0,32.8,703.9,10.07,4.88,75.6,Aster-II,Island,success
2017-08-21,1095.2,15.4,18.4,4.0,62.6,731.7,12.7,2.43,76.3,Aster-II,Coastal,success
2017-08-26,2230.2,25.2,7.1,0.0,35.7,619.0,8.74,3.06,82.8,Aster-II,Inland,success
2017-08-31,1380.2,14.0,28.0,0.0,60.9,652.9,9.76,1.61,87.0,Nova-I,Island,success
2017-09-05,2224.7,13.7,15.6,0.0,27.2,698.9,10.56,6.59,85.3,Aster-II,Island,success
2017-09-10,8562.7,12.5,6.3,0.5,54.2,794.3,10.85,6.22,88.9,Nova-I,Coastal,success
2017-09-15,968.5,-0.6,4.1,0.0,76.8,748.5,10.25,5.14,88.5,Vega-M,Inland,success
2017-09-20,840.9,16.1,13.8,0.0,66.4,727.0,9.99,4.67,94.3,Nova-I,Island,success
2017-09-25,1485.4,13.1,7.7,0.0,32.6,670.1,12.21,9.5,90.2,Nova-I,Inland,success
2017-09-30,3317.2,32.1,3.9,0.0,19.9,660.3,9.95,5.71,93.4,Aster-II,Island,success
2017-10-05,4217.3,3.6,8.1,0.0,65.4,734.9,9.56,3.8,88.1,Aster-II,Island,success
2017-10-10,3695.8,11.1,1.0,0.0,86.0,757.8,11.79,5.32,73.7,Aster-II,Island,success
2017-10-15,6288.6,7.2,9.9,6.1,37.7,731.3,11.1,13.23,88.7,Aster-II,Coastal,success
2017-10-20,757.9,35.3,11.3,0.0,95.9,812.3,11.3,6.68,85.9,Nova-I,Inland,success
2017-10-25,6346.1,7.6,2.7,0.0,55.9,683.1,10.56,4.11,90.3,Aster-II,Coastal,success
2017-10-30,2154.5,24.7,16.7,0.0,18.8,729.7,9.27,4.85,96.0,Nova-I,Inland,success
2017-11-04,4567.3,29.6,14.4,0.0,26.3,628.6,10.47,6.19,93.8,Nova-I,Island,success
2017-11-09,1040.2,16.2,9.3,0.0,70.6,731.4,9.16,4.05,89.2,Nova-I,Inland,success
2017-11-14,2706.9,1.5,3.4,0.0,58.5,799.3,10.6,3.88,72.2,Nova-I,Coastal,success
2017-11-19,3197.5,1.6,11.8,0.0,84.2,663.8,10.94,4.93,73.4,Nova-I,Coastal,success
2017-11-24,6199.0,28.3,5.6,5.1,33.2,765.5,11.28,10.27,74.9,Aster-II,Island,failure
2017-11-29,861.4,2.9,8.6,0.0,58.3,797.8,10.32,7.24,76.9,Nova-I,Coastal,success
2017-12-04,2757.7,22.7,12.5,0.0,56.1,682.8,11.01,4.07,96.6,Nova-I,Coastal,success
2017-12-09,1234.8,19.4,2.0,5.7,53.3,745.2,9.66,7.52,93.9,Aster-II,Coastal,success
2017-12-14,3881.4,22.5,1.4,0.0,48.7,805.3,11.19,4.97,81.7,Nova-I,Coastal,success
2017-12-19,4720.2,23.7,5.1,1.2,49.1,732.4,10.95,5.84,92.4,Aster-II,Inland,success
2017-12-24,6814.2,6.8,25.0,11.7,59.3,762.5,9.74,5.59,89.8,Vega-M,Inland,success
2017-12-29,1835.0,6.3,28.8,0.0,61.7,624.2,10.83,1.8,76.9,Aster-II,Coastal,failure
2018-01-03,5258.5,26.6,9.8,0.0,60.8,752.2,11.29,1.15,84.7,Vega-M,Coastal,success
2018-01-08,7185.7,10.4,14.7,0.0,78.9,747.9,10.46,5.52,79.0,Nova-I,Coastal,success
2018-01-13,826.2,-15.0,7.3,3.0,33.2,648.4,9.73,3.29,72.3,Nova-I,Coastal,success
2018-01-18,4191.8,25.8,8.1,0.0,21.6,667.9,10.55,2.26,81.9,Aster-II,Coastal,success
2018-01-23,5378.3,5.6,6.4,3.7,75.3,752.6,10.85,3.34,85.7,Aster-II,Inland,success
2018-01-28,2238.8,23.6,15.9,0.0,38.1,703.7,9.72,7.72,93.1,Vega-M,Coastal,success
2018-02-02,1128.0,34.7,20.5,0.0,48.8,780.0,9.57,5.88,83.1,Nova-I,Coastal,failure
2018-02-07,5318.4,18.2,7.9,0.0,44.4,736.8,10.83,7.17,81.5,Aster-II,Coastal,success
2018-02-12,1137.2,29.9,8.0,2.8,44.0,723.0,11.08,6.16,81.6,Nova-I,Coastal,success
2018-02-17,2372.2,19.8,6.7,0.0,28.3,710.8,12.16,3.19,67.0,Nova-I,Coastal,success
2018-02-22,2620.5,37.0,20.9,0.0,45.2,735.8,10.95,7.19,97.9,Nova-I,Coastal,failure
2018-02-27,4515.1,5.3,13.5,2.5,68.3,763.4,9.41,6.56,70.4,Vega-M,Island,success
2018-03-04,1717.8,17.9,3.3,0.0,55.9,748.8,12.07,4.68,84.3,Nova-I,Coastal,success
2018-03-09,1647.6,26.1,24.5,0.0,65.6,697.2,11.27,5.09,74.3,Vega-M,Inland,success
2018-03-14,2896.4,15.7,0.6,4.5,46.6,786.9,8.76,7.25,81.8,Aster-II,Inland,success
2018-03-19,5566.9,31.8,19.5,3.5,73.2,755.5,9.56,3.46,93.0,Aster-II,Coastal,success
2018-03-24,14002.1,12.8,15.1,0.0,46.3,740.8,10.0,8.35,91.0,Aster-II,Coastal,success
2018-03-29,911.1,42.8,8.0,0.0,15.9,725.0,11.09,6.5,85.6,Vega-M,Island,success
2018-04-03,3384.8,43.5,7.8,0.0,62.0,747.0,8.45,4.96,53.3,Nova-I,Island,success
2018-04-08,1233.6,21.4,6.9,0.0,70.6,621.1,10.3,10.33,94.5,Nova-I,Coastal,success
2018-04-13,5617.0,24.6,3.4,0.0,45.4,733.0,11.04,2.66,93.4,Aster-II,Coastal,success
2018-04-18,1372.3,32.3,23.3,0.0,78.8,808.6,8.08,3.97,88.9,Nova-I,Coastal,success
2018-04-23,1659.5,3.8,7.6,0.0,39.8,731.9,11.01,3.57,80.2,Nova-I,Inland,success
2018-04-28,1764.7,2.3,3.4,0.0,68.7,724.5,11.11,5.88,85.4,Nova-I,Inland,success
2018-05-03,2553.3,33.1,22.3,6.0,89.2,687.8,9.71,8.74,81.5,Nova-I,Coastal,success
2018-05-08,3404.0,21.3,10.6,0.0,56.7,746.6,9.45,3.09,85.1,Nova-I,Coastal,success
2018-05-13,3821.0,15.3,11.0,0.0,51.7,709.5,9.69,18.0,97.1,Nova-I,Island,success
2018-05-18,2686.1,18.1,25.7,2.7,54.0,790.7,8.21,3.6,83.8,Vega-M,Coastal,failure
2018-05-23,1035.3,-10.6,12.1,1.5,86.9,673.4,10.13,5.89,85.9,Nova-I,Inland,success
2018-05-28,4555.1,15.7,4.6,0.0,63.7,695.6,10.58,4.96,92.2,Vega-M,Inland,success
2018-06-02,2596.4,9.0,12.1,4.0,96.7,687.6,9.4,5.06,78.7,Vega-M,Coastal,success
2018-06-07,6225.7,29.0,3.7,0.0,61.3,819.1,11.2,3.39,78.8,Nova-I,Coastal,failure
2018-06-12,1620.4,29.9,5.4,0.0,43.6,709.8,10.48,8.27,85.9,Aster-II,Coastal,success
2018-06-17,851.0,24.9,9.5,0.0,44.9,690.4,10.61,3.29,88.7,Aster-II,Island,success
2018-06-22,2632.0,22.7,14.6,0.0,57.2,607.1,10.07,2.12,95.7,Aster-II,Coastal,success
2018-06-27,6857.4,0.0,4.9,0.0,17.2,670.8,11.01,2.89,86.5,Nova-I,Coastal,success
2018-07-02,3028.7,25.1,6.8,0.0,47.0,748.5,11.46,9.91,88.9,Nova-I,Coastal,success
2018-07-07,2336.1,25.6,6.7,4.2,47.4,748.3,10.07,9.03,96.0,Nova-I,Coastal,success
2018-07-12,1441.4,32.9,16.3,0.0,60.6,684.8,11.02,1.89,86.0,Aster-II,Inland,success
2018-07-17,9562.4,43.4,7.8,0.0,92.9,687.8,11.03,7.32,94.9,Vega-M,Coastal,success
2018-07-22,1285.2,-2.3,24.3,0.0,57.0,820.4,10.74,1.91,97.5,Aster-II,Inland,success
2018-07-27,1599.9,13.3,5.4,0.0,19.5,865.6,11.78,4.89,81.9,Aster-II,Inland,success
2018-08-01,4066.0,9.1,5.0,5.1,38.6,782.1,9.8,2.77,86.5,Vega-M,Island,success
2018-08-06,708.9,20.1,19.3,0.0,61.0,804.2,10.05,7.6,53.9,Aster-II,Coastal,success
2018-08-11,6752.8,18.2,11.4,2.4,57.8,815.7,9.76,6.46,83.5,Nova-I,Island,success
2018-08-16,4227.7,15.2,33.6,0.0,86.9,839.6,10.99,7.93,85.4,Vega-M,Inland,failure
2018-08-21,5153.6,30.3,18.8,0.0,74.2,703.7,10.18,4.3,63.6,Nova-I,Coastal,success
2018-08-26,4031.3,4.8,2.6,0.0,73.7,672.6,9.83,4.52,73.3,Nova-I,Island,success
2018-08-31,2401.8,5.5,7.7,0.0,51.9,819.0,11.76,2.41,65.0,Aster-II,Island,failure
2018-09-05,1254.6,5.7,9.5,8.7,76.9,667.9,11.88,3.02,80.0,Vega-M,Coastal,success
2018-09-10,2438.5,13.7,9.1,0.0,39.0,664.5,10.13,7.81,96.0,Nova-I,Island,success
2018-09-15,1336.5,3.3,6.9,0.0,74.4,665.7,9.28,5.91,93.5,Aster-II,Inland,success
2018-09-20,3827.7,17.4,8.9,0.0,50.6,712.9,11.93,5.21,96.4,Nova-I,Inland,success
2018-09-25,4821.7,16.0,9.3,0.0,28.5,612.8,10.79,9.08,91.1,Nova-I,Island,success
2018-09-30,7811.1,8.6,4.9,0.0,67.3,642.6,10.74,2.65,92.7,Nova-I,Coastal,success
2018-10-05,3525.1,28.5,15.8,0.0,82.6,686.4,10.49,7.0,90.5,Aster-II,Island,success
2018-10-10,5248.5,17.3,22.5,0.0,48.3,655.4,9.74,2.81,65.8,Vega-M,Coastal,success
2018-10-15,2177.8,30.8,12.8,0.0,85.7,777.4,10.06,10.07,96.8,Nova-I,Island,success
2018-10-20,1911.5,15.7,10.3,3.6,24.5,720.4,10.96,6.43,71.8,Nova-I,Inland,success
2018-10-25,3793.5,17.7,7.3,0.0,33.3,751.2,10.03,7.87,90.0,Nova-I,Coastal,success
2018-10-30,2042.1,11.2,9.5,0.0,53.2,745.2,10.76,3.54,94.2,Nova-I,Coastal,success
2018-11-04,3274.2,17.9,10.2,1.7,49.0,708.8,10.41,14.12,88.5,Aster-II,Coastal,success
2018-11-09,1256.3,26.5,3.4,3.8,43.3,773.4,9.53,12.93,92.8,Aster-II,Coastal,success
2018-11-14,1429.7,13.1,15.3,0.0,58.5,744.4,11.73,6.09,72.6,Aster-II,Coastal,success
2018-11-19,4262.0,24.2,5.7,0.7,46.0,702.8,10.89,8.71,88.6,Nova-I,Coastal,success
2018-11-24,5107.3,8.2,20.0,1.3,49.2,629.1,10.67,4.28,60.2,Aster-II,Coastal,success
2018-11-29,1326.5,27.1,8.7,0.0,61.3,748.1,10.86,2.69,74.8,Nova-I,Coastal,success
2018-12-04,4371.4,11.0,15.5,0.0,43.3,651.9,8.93,7.26,77.6,Nova-I,Inland,success
2018-12-09,1838.0,28.2,12.6,0.0,54.0,740.5,10.0,3.19,85.7,Vega-M,Inland,success
2018-12-14,2729.5,18.7,2.6,0.0,43.7,724.3,9.15,9.29,87.2,Aster-II,Inland,success
2018-12-19,7481.6,36.3,18.8,2.2,33.1,646.5,10.5,8.19,82.1,Vega-M,Coastal,success
2018-12-24,4824.2,4.2,4.3,0.0,70.5,734.0,10.67,5.55,89.6,Vega-M,Island,success
2018-12-29,4784.0,0.3,5.4,0.0,88.4,730.3,10.52,5.4,79.3,Aster-II,Inland,success
2019-01-03,10660.8,10.6,5.7,1.9,76.2,730.5,11.37,7.96,64.2,Vega-M,Coastal,success
2019-01-08,1624.9,1.4,1.8,0.0,62.3,727.9,9.17,5.65,78.3,Nova-I,Coastal,failure
2019-01-13,1326.3,1.4,9.0,0.0,43.8,684.8,9.74,4.08,83.0,Nova-I,Inland,success
2019-01-18,1603.7,25.5,16.1,5.2,50.5,751.9,10.74,2.39,92.6,Nova-I,Coastal,success
2019-01-23,2245.7,17.9,19.6,0.0,76.1,682.9,10.62,7.85,82.5,Nova-I,Inland,success
2019-01-28,495.1,12.2,6.9,0.0,12.7,662.0,9.32,5.91,68.3,Nova-I,Island,success
2019-02-02,2323.1,13.4,7.8,0.0,49.1,756.4,11.38,18.0,90.9,Nova-I,Coastal,failure
2019-02-07,1822.4,10.8,13.2,5.1,69.9,770.6,11.67,4.73,67.7,Aster-II,Coastal,success
2019-02-12,4742.4,37.8,7.0,0.0,34.4,752.7,10.75,5.73,91.8,Vega-M,Island,success
2019-02-17,3476.4,9.2,17.1,0.0,64.0,708.8,9.16,5.79,87.2,Aster-II,Inland,success
2019-02-22,1750.2,2.1,7.5,0.0,63.2,615.3,10.53,6.77,95.0,Nova-I,Coastal,success
2019-02-27,4124.8,27.6,3.8,0.8,28.4,800.0,10.68,3.11,87.9,Aster-II,Island,success
2019-03-04,4540.3,15.4,9.2,0.0,57.7,614.4,10.18,4.77,81.3,Nova-I,Island,success
2019-03-09,1551.0,42.5,2.1,0.0,44.3,751.6,11.5,7.37,88.8,Nova-I,Inland,success
2019-03-14,1891.3,11.7,9.1,4.3,63.9,834.0,10.3,4.22,72.1,Nova-I,Inland,success
2019-03-19,543.3,28.2,10.4,3.2,68.7,728.1,12.13,7.24,85.4,Nova-I,Coastal,success
2019-03-24,1229.9,31.0,4.3,0.0,63.6,735.7,11.04,5.19,66.4,Nova-I,Coastal,success
2019-03-29,1580.4,11.7,10.1,0.0,57.4,740.5,10.63,6.01,92.3,Vega-M,Inland,success
2019-04-03,2845.2,9.1,6.4,0.0,61.5,730.7,11.15,8.61,84.9,Aster-II,Coastal,success
2019-04-08,1365.6,26.9,4.1,0.0,33.7,846.9,11.66,4.44,77.6,Aster-II,Inland,success
2019-04-13,1863.7,24.9,1.9,0.0,55.4,674.5,11.14,2.47,78.1,Nova-I,Island,success
2019-04-18,1116.3,1.1,2.4,8.7,40.9,667.7,10.34,4.36,53.6,Vega-M,Coastal,success
2019-04-23,3050.9,4.5,21.3,0.0,75.6,702.3,9.86,3.33,79.1,Aster-II,Inland,success
2019-04-28,3664.7,-12.4,6.2,9.0,69.0,814.0,9.48,1.79,87.1,Nova-I,Coastal,failure
2019-05-03,3603.7,25.1,10.2,0.0,68.9,688.8,8.4,4.71,80.9,Aster-II,Island,success
2019-05-08,2721.4,14.9,6.8,2.6,88.6,743.2,10.54,5.45,79.4,Aster-II,Coastal,success
2019-05-13,889.3,16.1,21.6,0.0,49.7,777.8,10.08,8.08,95.4,Aster-II,Inland,success
2019-05-18,1726.1,-2.3,4.1,0.0,45.6,762.1,10.13,2.87,93.6,Nova-I,Inland,success
2019-05-23,2011.7,4.8,8.2,0.0,49.3,775.0,11.24,5.17,83.1,Aster-II,Coastal,success
2019-05-28,2017.5,12.3,5.3,0.0,25.6,796.6,10.31,8.51,95.5,Nova-I,Inland,success
2019-06-02,2846.9,9.9,15.4,0.0,27.1,736.6,11.95,3.76,74.2,Nova-I,Inland,failure
2019-06-07,7528.0,19.4,10.1,0.0,67.8,695.3,9.93,6.41,70.4,Nova-I,Inland,success
2019-06-12,4840.2,25.0,8.0,12.9,29.5,727.9,9.6,10.66,83.6,Vega-M,Island,success
2019-06-17,1324.8,45.2,2.7,0.0,35.6,701.7,9.37,2.03,96.4,Nova-I,Island,success
2019-06-22,4396.0,17.8,27.9,0.0,54.1,856.2,10.99,5.65,61.6,Nova-I,Coastal,failure
2019-06-27,4277.0,31.4,7.0,0.0,48.2,691.2,11.34,8.66,84.0,Nova-I,Inland,success
2019-07-02,1509.6,8.0,3.6,2.4,72.8,746.1,9.91,4.19,88.8,Vega-M,Coastal,success
2019-07-07,4970.0,-2.1,1.9,0.0,57.1,639.0,9.53,9.64,68.9,Aster-II,Island,failure
2019-07-12,2403.1,13.8,2.3,0.0,40.8,727.2,11.65,6.72,76.3,Vega-M,Inland,success
2019-07-17,977.3,-1.2,8.0,0.0,74.5,704.5,9.21,11.58,77.2,Nova-I,Coastal,success
2019-07-22,3743.4,18.2,15.5,0.0,69.8,756.5,11.23,6.55,93.3,Nova-I,Coastal,success
2019-07-27,3153.3,8.6,9.6,0.0,29.2,757.9,9.93,12.05,91.0,Aster-II,Island,failure
2019-08-01,2289.5,-5.5,2.0,0.0,60.8,796.5,10.73,5.72,76.2,Nova-I,Coastal,failure
2019-08-06,2625.5,38.8,8.0,0.0,42.4,792.2,11.28,2.57,63.4,Vega-M,Inland,success
2019-08-11,1607.2,11.5,18.7,7.4,41.9,716.4,10.79,3.66,83.7,Vega-M,Coastal,success
2019-08-16,4185.1,-1.7,6.0,0.0,91.5,669.0,10.16,8.08,88.1,Aster-II,Island,success
2019-08-21,2614.2,28.8,9.7,0.0,58.4,675.3,11.54,8.0,87.7,Vega-M,Coastal,success
2019-08-26,3040.7,9.3,6.2,0.0,51.9,736.3,10.64,4.27,68.9,Aster-II,Coastal,success
2019-08-31,3488.2,31.1,11.2,1.5,57.6,728.5,13.2,11.78,93.7,Nova-I,Island,success
2019-09-05,1174.6,9.2,4.1,0.0,72.6,733.9,9.0,4.18,88.4,Aster-II,Island,success
2019-09-10,1416.7,11.5,0.1,0.0,42.7,691.1,8.99,6.18,97.5,Nova-I,Coastal,success
2019-09-15,549.4,22.1,2.8,3.7,45.9,797.6,11.22,6.1,83.6,Vega-M,Inland,success
2019-09-20,4050.6,25.1,5.4,0.0,68.5,640.5,10.37,2.62,83.7,Nova-I,Inland,failure
2019-09-25,1126.9,27.2,7.4,0.0,27.2,688.1,11.05,4.7,81.9,Nova-I,Island,success
2019-09-30,2967.4,16.9,5.6,0.0,74.8,661.8,9.5,15.53,90.2,Aster-II,Coastal,success
2019-10-05,3523.2,24.3,5.5,0.0,25.5,708.7,10.44,3.18,76.8,Nova-I,Inland,success
2019-10-10,4161.8,26.9,15.6,0.0,51.3,787.3,10.78,6.69,90.8,Nova-I,Inland,success
2019-10-15,1133.5,20.4,3.3,0.0,25.6,704.5,9.95,2.85,94.2,Aster-II,Inland,success
2019-10-20,2573.7,16.3,8.0,0.0,35.9,725.5,10.59,3.17,84.8,Nova-I,Island,success
2019-10-25,8978.6,0.7,2.1,0.0,80.7,755.9,9.28,2.51,84.3,Aster-II,Inland,success
2019-10-30,9267.8,25.2,12.8,5.7,75.8,701.9,10.72,7.78,93.6,Nova-I,Coastal,success
2019-11-04,5491.0,18.5,9.5,0.0,77.9,740.7,11.59,3.26,91.5,Nova-I,Island,success
2019-11-09,3439.2,13.0,27.6,2.2,28.5,733.5,9.39,9.1,58.9,Nova-I,Island,success
2019-11-14,1308.1,33.3,3.2,0.0,36.0,658.9,9.34,3.84,75.0,Aster-II,Island,success
2019-11-19,4525.2,0.9,22.3,4.6,62.5,694.9,11.38,5.27,73.0,Vega-M,Coastal,success
2019-11-24,2407.2,37.7,3.6,0.6,69.6,739.1,9.32,6.03,95.0,Nova-I,Coastal,success
2019-11-29,4038.3,17.7,6.0,0.0,40.8,789.2,11.09,2.28,98.3,Vega-M,Inland,success
2019-12-04,1710.2,21.8,2.5,0.0,45.0,789.2,10.45,5.46,76.9,Aster-II,Coastal,success
2019-12-09,2381.5,13.3,27.3,0.0,34.5,833.2,10.06,5.86,90.4,Aster-II,Island,failure
2019-12-14,3035.7,-2.0,10.5,0.0,87.5,746.2,11.6,8.56,72.3,Aster-II,Coastal,success
2019-12-19,3220.6,16.3,10.6,0.0,47.0,697.7,11.16,3.13,89.0,Aster-II,Inland,success
2019-12-24,3848.7,22.0,3.8,4.4,56.6,716.5,10.63,3.35,91.6,Vega-M,Island,success
2019-12-29,1777.5,26.1,0.7,0.0,57.6,713.9,8.63,6.8,83.7,Aster-II,Coastal,success
2020-01-03,1025.4,15.6,5.8,0.0,77.0,698.0,10.98,9.76,94.9,Aster-II,Coastal,success
2020-01-08,8689.3,-8.3,5.0,0.0,37.9,740.7,9.52,3.73,85.7,Nova-I,Inland,success
2020-01-13,16191.8,-0.5,1.3,0.0,78.2,743.2,10.22,2.74,87.4,Nova-I,Inland,success
2020-01-18,3722.5,42.6,6.1,0.0,31.7,656.6,10.41,4.25,88.2,Aster-II,Coastal,success
2020-01-23,1039.7,4.9,8.0,0.0,78.1,778.8,11.96,3.05,90.6,Nova-I,Inland,success
2020-01-28,1545.8,35.1,11.0,0.0,23.4,620.8,10.19,6.0,83.3,Nova-I,Island,success
2020-02-02,3891.6,6.8,0.8,0.0,54.0,708.0,9.23,2.95,80.0,Nova-I,Inland,failure
2020-02-07,7084.1,15.8,2.6,0.0,86.9,782.1,11.61,7.9,81.0,Nova-I,Coastal,failure
2020-02-12,1126.3,25.5,4.0,0.0,69.2,752.8,11.0,5.49,91.2,Aster-II,Coastal,failure
2020-02-17,2466.3,8.2,16.1,0.0,64.0,700.7,11.03,8.02,84.4,Aster-II,Coastal,success
2020-02-22,3105.9,37.1,15.9,0.0,36.1,826.3,11.62,1.55,95.0,Aster-II,Coastal,failure
2020-02-27,5026.6,18.9,10.1,0.0,42.0,696.2,11.81,2.13,97.1,Nova-I,Coastal,success
2020-03-03,2106.1,23.5,6.0,0.0,81.5,611.9,9.67,9.21,89.8,Aster-II,Inland,success
2020-03-08,874.9,14.8,16.8,1.0,65.0,744.4,9.26,3.51,79.9,Nova-I,Coastal,success
2020-03-13,4218.6,25.9,9.2,0.0,72.9,624.0,11.09,2.45,75.7,Aster-II,Island,success
2020-03-18,6062.4,36.9,16.1,0.0,57.4,675.1,10.18,4.49,94.3,Aster-II,Coastal,success
2020-03-23,2541.6,16.4,10.4,1.6,50.6,753.6,10.26,5.56,84.1,Aster-II,Coastal,success
2020-03-28,3611.1,38.8,1.5,5.0,70.6,695.1,9.48,4.59,92.5,Aster-II,Island,success
2020-04-02,1916.7,10.7,0.7,0.0,60.9,751.4,10.88,6.2,78.5,Vega-M,Island,success
2020-04-07,1467.1,27.2,5.5,5.7,52.8,657.5,10.73,5.81,80.0,Aster-II,Coastal,success
2020-04-12,5647.8,23.9,13.9,2.5,29.1,766.4,10.27,5.67,66.3,Aster-II,Coastal,success
2020-04-17,3565.3,5.2,4.9,0.0,74.1,628.7,9.26,9.46,75.3,Aster-II,Coastal,success
2020-04-22,3839.4,20.6,18.9,0.0,64.4,791.2,11.39,4.92,91.6,Nova-I,Inland,success
2020-04-27,7954.7,18.1,13.0,0.0,44.5,694.3,10.61,4.85,80.5,Vega-M,Inland,success
2020-05-02,1262.1,7.8,17.8,0.0,78.4,802.7,11.32,7.28,50.3,Nova-I,Coastal,failure
2020-05-07,1812.6,22.3,5.7,0.9,60.6,674.6,8.68,6.46,80.9,Nova-I,Coastal,success
2020-05-12,3022.1,19.8,3.4,0.0,61.0,823.9,10.45,3.21,87.5,Vega-M,Inland,success
2020-05-17,1796.7,17.1,2.9,0.0,72.8,668.3,9.81,4.74,84.8,Aster-II,Island,failure
2020-05-22,4740.3,17.2,11.1,0.0,68.7,623.1,10.43,6.11,72.7,Nova-I,Inland,success
2020-05-27,2356.8,16.9,1.7,0.0,61.6,722.3,11.17,3.74,70.6,Nova-I,Inland,success
2020-06-01,1320.0,13.6,1.8,2.6,52.4,786.6,10.7,3.82,96.5,Nova-I,Coastal,success
2020-06-06,2828.1,19.7,4.7,0.0,93.7,762.7,10.41,2.54,50.9,Aster-II,Coastal,success
2020-06-11,3049.2,10.3,9.0,0.0,42.1,782.8,10.41,1.24,81.2,Nova-I,Coastal,success
2020-06-16,5286.8,47.0,4.0,0.0,70.2,763.8,9.12,4.14,63.4,Vega-M,Island,success
2020-06-21,3579.8,1.1,15.9,0.0,54.4,675.7,9.66,5.27,91.0,Vega-M,Island,success
2020-06-26,3759.4,11.0,18.0,0.0,64.6,761.4,11.32,2.93,64.5,Aster-II,Island,success
2020-07-01,3396.9,11.9,0.3,0.0,79.4,725.0,9.99,9.6,82.9,Aster-II,Island,success
2020-07-06,2355.4,42.5,10.6,0.0,50.1,681.7,11.34,3.0,61.3,Nova-I,Island,success
2020-07-11,1610.5,2.2,4.9,0.0,67.4,729.7,11.08,7.68,75.9,Nova-I,Island,success
2020-07-16,3320.8,23.1,14.3,0.0,61.0,717.0,11.12,6.06,81.5,Aster-II,Coastal,success
2020-07-21,2122.1,21.0,10.8,0.0,43.8,796.5,10.67,14.08,53.4,Nova-I,Coastal,failure
2020-07-26,9105.8,22.0,8.7,0.0,79.9,692.2,10.04,6.42,80.5,Nova-I,Coastal,failure
2020-07-31,7089.5,32.8,6.9,0.1,69.5,689.7,10.28,2.47,94.4,Nova-I,Inland,success
2020-08-05,4254.1,32.6,1.8,0.0,47.7,682.3,10.93,8.22,77.9,Nova-I,Coastal,success
2020-08-10,3542.2,12.6,30.2,0.0,77.0,822.4,8.66,11.19,83.5,Aster-II,Island,success
2020-08-15,2531.8,20.3,2.6,5.5,40.2,685.3,11.42,2.12,77.4,Aster-II,Inland,success
2020-08-20,1087.9,-4.4,22.5,0.0,55.5,790.0,9.99,6.73,97.5,Vega-M,Inland,success
2020-08-25,2308.5,19.2,12.3,1.9,47.8,664.3,10.33,7.49,87.9,Aster-II,Coastal,success
2020-08-30,2901.6,8.5,5.1,0.0,70.3,747.4,10.34,4.47,77.2,Vega-M,Coastal,success
2020-09-04,3181.8,15.8,4.5,2.4,46.9,734.2,10.37,1.55,91.1,Nova-I,Coastal,success
2020-09-09,3782.2,-2.2,1.7,0.0,70.4,786.6,9.32,4.3,94.1,Vega-M,Island,success
2020-09-14,5236.2,22.9,7.9,3.8,67.3,778.8,10.52,3.75,78.0,Aster-II,Inland,success
2020-09-19,1638.7,-2.4,1.6,0.0,48.9,724.4,10.89,10.32,87.4,Nova-I,Inland,success
2020-09-24,1649.4,19.8,16.5,0.0,90.8,691.0,8.72,4.75,88.8,Vega-M,Coastal,success
2020-09-29,7666.5,3.3,9.3,0.0,41.8,807.7,9.33,4.06,80.7,Nova-I,Coastal,success
2020-10-04,4699.0,7.8,7.5,0.0,29.2,685.6,11.13,3.74,88.1,Nova-I,Coastal,success
2020-10-09,2035.8,31.9,8.2,0.0,72.3,597.5,10.98,5.79,75.6,Nova-I,Island,success
2020-10-14,2496.9,25.1,9.6,6.5,15.2,619.6,10.64,5.09,85.4,Nova-I,Island,success
2020-10-19,2505.0,31.8,5.9,0.0,84.3,632.8,9.84,3.39,90.5,Nova-I,Coastal,success
2020-10-24,2759.3,36.7,6.5,0.0,57.9,752.2,10.99,5.62,80.0,Aster-II,Island,success
2020-10-29,3790.8,8.7,24.0,0.0,28.9,839.6,9.41,3.79,65.9,Vega-M,Coastal,success
2020-11-03,16733.9,36.0,15.4,0.0,38.0,609.8,10.29,1.43,90.7,Nova-I,Island,success
2020-11-08,3092.2,0.4,11.9,1.4,25.0,677.7,9.33,6.83,66.4,Aster-II,Coastal,success
2020-11-13,4346.3,27.0,5.1,0.0,63.3,724.8,10.27,6.52,80.9,Nova-I,Coastal,success
2020-11-18,800.9,12.1,1.1,0.0,30.8,803.5,9.56,5.45,93.3,Vega-M,Island,success
2020-11-23,1902.4,6.8,11.0,0.0,65.5,677.5,11.02,4.01,70.8,Nova-I,Coastal,success
2020-11-28,6533.8,25.4,8.2,0.0,50.2,751.9,10.76,4.78,63.8,Nova-I,Coastal,success
2020-12-03,3603.5,29.3,6.4,0.0,47.0,706.5,9.93,7.34,91.2,Aster-II,Coastal,success
2020-12-08,250.0,29.0,7.2,0.0,65.7,860.8,11.29,3.66,79.5,Aster-II,Coastal,failure
2020-12-13,4382.2,20.6,2.7,0.0,67.8,727.8,9.62,7.48,84.2,Vega-M,Inland,success
2020-12-18,10733.0,19.6,3.5,3.0,77.8,739.2,10.37,2.44,96.8,Aster-II,Island,success
2020-12-23,640.9,24.3,15.5,0.0,44.0,724.5,9.9,5.37,66.6,Aster-II,Island,success
2020-12-28,8054.3,21.6,0.8,0.0,55.4,697.6,11.01,5.01,78.6,Nova-I,Coastal,success
2021-01-02,366.6,24.5,14.0,0.0,43.9,771.3,10.93,8.01,92.7,Nova-I,Inland,success
2021-01-07,5299.5,20.4,19.5,0.0,59.1,657.4,11.47,3.19,66.2,Nova-I,Coastal,success
2021-01-12,2680.5,28.1,10.8,0.9,41.2,611.9,10.47,3.36,77.6,Nova-I,Coastal,success
2021-01-17,496.7,-1.5,10.5,0.0,47.9,711.9,7.97,2.54,93.6,Nova-I,Coastal,success
2021-01-22,3719.0,16.4,3.5,0.0,48.0,764.0,10.05,3.77,78.2,Aster-II,Island,success
2021-01-27,6177.1,1.4,4.0,0.0,61.6,688.6,11.68,5.6,89.7,Nova-I,Island,success
2021-02-01,3505.2,21.3,5.5,0.0,56.1,730.1,10.13,2.09,86.6,Aster-II,Island,success
2021-02-06,4109.6,37.7,2.2,0.0,65.6,654.1,8.83,4.0,92.9,Aster-II,Inland,success
2021-02-11,2005.4,12.3,3.7,0.0,54.0,777.4,10.77,6.64,92.4,Aster-II,Inland,success
2021-02-16,706.1,19.5,8.2,0.0,45.0,755.2,10.83,4.71,72.7,Aster-II,Inland,success
2021-02-21,4438.8,27.1,5.2,0.0,59.6,721.1,9.8,5.14,83.3,Nova-I,Inland,success
2021-02-26,9507.4,-6.8,8.7,0.0,38.6,729.1,10.2,2.4,86.6,Nova-I,Coastal,success
2021-03-03,6083.3,11.7,15.4,0.0,66.8,644.7,9.71,4.72,56.8,Aster-II,Coastal,failure
2021-03-08,644.7,22.4,8.7,0.0,50.6,647.2,10.83,5.02,80.9,Aster-II,Coastal,success
2021-03-13,906.2,-16.8,10.5,0.0,59.9,713.4,10.45,4.58,65.7,Nova-I,Island,success
2021-03-18,1466.9,6.3,1.6,0.0,60.2,747.7,9.44,5.33,91.7,Nova-I,Inland,success
2021-03-23,856.7,31.2,15.2,0.0,86.4,750.5,10.39,4.27,93.4,Aster-II,Island,success
2021-03-28,2784.5,30.0,1.6,0.0,63.3,700.4,9.8,3.98,86.2,Aster-II,Coastal,success
2021-04-02,3580.5,22.5,4.9,0.0,57.4,760.3,11.6,3.01,86.3,Nova-I,Inland,success
2021-04-07,963.2,28.6,2.9,0.0,42.8,796.7,11.13,7.91,67.8,Aster-II,Coastal,success
2021-04-12,4719.9,20.6,1.1,0.0,71.2,715.2,10.3,2.75,74.9,Vega-M,Coastal,success
2021-04-17,4158.0,24.7,8.3,0.0,50.9,736.7,10.47,5.34,96.8,Nova-I,Coastal,success
2021-04-22,1817.7,14.2,11.2,0.0,27.0,708.8,11.23,11.83,82.1,Vega-M,Coastal,failure
2021-04-27,2382.2,19.4,19.8,0.0,52.3,713.2,10.26,8.4,65.5,Nova-I,Island,success
2021-05-02,662.6,10.4,9.2,0.0,59.6,729.2,11.02,6.32,93.8,Aster-II,Coastal,success
2021-05-07,2123.4,33.2,3.7,0.0,40.4,812.0,11.61,5.58,68.7,Aster-II,Inland,success
2021-05-12,2711.7,36.3,5.1,0.0,53.8,769.4,10.0,4.66,88.8,Nova-I,Inland,success
2021-05-17,3045.7,34.6,1.3,0.0,54.6,764.6,11.75,3.21,93.1,Vega-M,Coastal,success
2021-05-22,3543.2,13.1,5.6,0.0,54.9,695.5,11.51,4.38,95.1,Aster-II,Inland,success
2021-05-27,3215.9,6.6,7.4,5.9,79.5,671.5,10.6,6.53,76.2,Vega-M,Coastal,success
2021-06-01,2229.8,33.3,10.9,0.0,31.1,741.0,10.04,5.97,88.2,Nova-I,Island,success
2021-06-06,3314.5,24.5,13.0,0.0,94.6,787.2,10.59,7.23,93.6,Vega-M,Island,success
2021-06-11,5549.5,21.9,10.6,0.0,55.4,813.1,10.2,8.89,89.6,Vega-M,Inland,success
2021-06-16,2518.1,10.4,3.4,3.6,67.0,587.6,9.75,4.59,94.3,Aster-II,Inland,success
2021-06-21,3390.3,23.1,2.6,0.0,58.4,852.1,10.84,5.43,97.1,Nova-I,Coastal,failure
2021-06-26,2358.9,5.0,12.3,0.0,23.2,742.5,9.56,1.99,81.1,Aster-II,Island,success
2021-07-01,1693.1,25.6,1.0,0.0,35.9,769.1,10.12,14.63,70.6,Aster-II,Coastal,success
2021-07-06,3930.3,34.5,26.2,0.0,46.0,626.0,10.13,4.06,83.5,Vega-M,Coastal,failure
2021-07-11,1808.5,37.6,4.0,0.0,74.9,707.2,9.28,6.77,89.8,Aster-II,Coastal,success
2021-07-16,3561.8,26.5,16.7,0.0,29.7,764.4,10.94,4.06,83.5,Nova-I,Island,success
2021-07-21,2752.7,1.4,4.7,0.0,39.7,656.6,10.21,4.01,81.1,Nova-I,Inland,success
2021-07-26,2167.1,20.4,11.4,0.0,59.1,564.0,11.47,4.42,89.8,Aster-II,Island,success
2021-07-31,2129.7,43.7,2.6,0.0,65.0,738.1,10.2,2.72,94.0,Vega-M,Island,success
2021-08-05,1870.9,7.6,7.7,0.0,64.4,717.3,10.07,1.51,90.4,Nova-I,Coastal,success
2021-08-10,824.7,17.3,1.4,0.0,37.3,797.8,9.66,8.64,92.0,Aster-II,Island,failure
2021-08-15,3553.5,35.0,9.6,0.0,25.6,711.4,10.43,6.44,89.7,Vega-M,Coastal,success
2021-08-20,3186.6,25.4,2.6,1.5,66.2,715.3,10.44,3.19,66.8,Nova-I,Inland,success
2021-08-25,4972.9,47.0,3.0,0.0,83.2,757.7,11.01,6.15,77.7,Nova-I,Coastal,success
2021-08-30,1839.7,9.2,5.3,4.3,49.4,775.8,10.45,7.36,53.9,Aster-II,Island,success
2021-09-04,10558.4,6.1,6.3,0.0,34.3,681.7,12.12,3.55,80.6,Aster-II,Coastal,success
2021-09-09,2052.0,32.7,10.9,0.0,47.8,771.0,10.77,6.04,68.2,Nova-I,Coastal,success
2021-09-14,1436.4,3.6,10.1,0.0,63.5,691.8,9.59,8.03,90.0,Vega-M,Inland,success
2021-09-19,1318.9,15.6,8.4,0.0,51.6,720.9,9.52,2.48,97.6,Aster-II,Coastal,success
2021-09-24,774.0,17.2,14.0,0.0,82.7,756.2,10.84,6.4,93.2,Vega-M,Coastal,success
2021-09-29,8131.4,30.4,9.9,0.0,73.6,765.6,9.56,5.9,83.8,Vega-M,Inland,success
2021-10-04,7238.5,25.4,10.4,0.0,59.5,737.2,10.89,12.21,79.7,Vega-M,Coastal,success
2021-10-09,4156.9,23.5,3.0,0.0,18.9,661.7,11.13,6.47,90.4,Aster-II,Island,failure
2021-10-14,1414.9,13.2,14.7,2.4,42.8,619.0,11.15,4.07,86.7,Nova-I,Coastal,success
2021-10-19,9937.9,32.6,13.5,0.0,45.6,709.9,9.69,4.3,89.0,Aster-II,Inland,success
2021-10-24,2093.9,47.0,8.7,0.0,41.8,772.4,11.16,13.08,84.6,Nova-I,Inland,success
2021-10-29,2222.3,26.3,13.2,2.6,59.6,744.3,10.66,4.18,98.9,Aster-II,Inland,success
2021-11-03,7591.8,19.2,7.3,0.0,60.0,733.1,9.9,6.56,97.8,Nova-I,Inland,success
2021-11-08,4334.7,2.4,20.5,0.0,24.2,719.6,10.27,4.42,74.2,Aster-II,Inland,success
2021-11-13,13158.1,10.4,8.1,0.0,71.3,736.7,10.79,8.32,97.7,Nova-I,Island,success
2021-11-18,3226.3,15.4,7.1,0.0,56.3,666.3,9.85,8.52,89.1,Nova-I,Coastal,success
2021-11-23,2026.6,11.6,10.0,2.7,62.8,762.1,10.65,4.9,98.1,Nova-I,Coastal,success
2021-11-28,1736.3,17.8,23.3,0.0,70.2,765.7,11.59,4.07,96.3,Aster-II,Inland,success
2021-12-03,713.5,39.3,4.8,0.0,41.4,700.8,11.19,4.03,97.5,Vega-M,Island,success
2021-12-08,2207.0,33.0,9.5,0.0,79.9,743.6,10.47,2.16,99.2,Nova-I,Coastal,success
2021-12-13,6149.4,16.1,5.1,0.0,53.3,627.3,10.59,5.2,89.9,Vega-M,Coastal,success
2021-12-18,4151.2,3.5,7.1,1.9,84.7,729.7,9.96,5.15,79.3,Vega-M,Island,success
2021-12-23,2737.0,34.0,3.7,0.0,39.0,712.8,9.98,3.35,76.3,Nova-I,Inland,success
2021-12-28,1317.7,17.4,10.2,1.2,83.3,788.0,9.14,2.05,92.6,Aster-II,Island,success
2022-01-02,3175.9,-2.7,7.6,4.9,38.8,709.3,10.61,5.47,93.1,Nova-I,Inland,success
2022-01-07,5592.7,26.5,13.0,0.0,100.0,766.9,10.96,5.81,68.1,Nova-I,Inland,success
2022-01-12,3678.0,30.3,15.5,2.8,37.9,698.9,10.34,5.99,78.9,Aster-II,Coastal,failure
2022-01-17,3041.3,-11.1,17.1,0.0,76.1,596.6,9.68,3.08,86.5,Nova-I,Island,success
2022-01-22,1519.6,8.1,5.2,0.0,49.1,707.8,10.45,5.99,90.4,Vega-M,Coastal,success
2022-01-27,5036.0,16.7,10.0,0.9,69.6,730.6,11.5,4.55,84.6,Vega-M,Inland,success
2022-02-01,282.9,26.8,17.8,0.0,55.2,728.1,11.14,7.5,90.9,Vega-M,Coastal,success
2022-02-06,3553.4,11.8,3.7,7.7,35.3,729.0,10.38,3.1,98.4,Aster-II,Inland,success
2022-02-11,17165.1,8.0,8.2,0.0,8.0,692.7,12.08,8.6,89.8,Aster-II,Inland,success
2022-02-16,910.5,26.7,3.9,0.0,100.0,702.5,12.61,10.22,74.4,Vega-M,Inland,success
2022-02-21,2267.0,12.4,23.1,4.8,57.4,659.2,10.01,5.24,81.1,Nova-I,Island,success
2022-02-26,2682.0,24.5,17.7,0.0,8.0,612.2,10.2,6.01,93.6,Nova-I,Coastal,success
2022-03-03,1933.2,4.7,11.2,0.0,61.7,714.3,10.97,7.22,89.8,Aster-II,Inland,success
2022-03-08,5688.4,1.8,11.1,0.0,69.1,679.8,9.65,3.03,95.0,Nova-I,Coastal,success
2022-03-13,3790.2,27.1,4.2,0.0,42.4,778.3,11.1,3.92,91.7,Nova-I,Coastal,success
2022-03-18,3009.9,21.0,19.1,0.0,42.5,602.2,10.48,5.41,95.6,Nova-I,Coastal,success
2022-03-23,4788.8,29.1,6.0,2.9,55.6,735.7,10.7,13.1,76.1,Aster-II,Coastal,success
2022-03-28,2730.0,11.6,4.6,0.0,78.8,834.6,9.93,2.79,88.0,Nova-I,Coastal,success
2022-04-02,24000.0,8.5,16.1,0.0,57.9,710.1,9.75,10.87,91.9,Nova-I,Inland,success
2022-04-07,3007.8,34.3,5.6,0.0,83.8,719.9,8.77,4.51,94.4,Nova-I,Inland,success
2022-04-12,3104.5,-0.3,4.7,0.0,77.5,743.0,11.62,4.87,96.8,Nova-I,Inland,success
2022-04-17,787.2,33.0,13.5,0.0,51.7,747.2,11.17,8.89,90.7,Vega-M,Coastal,success
2022-04-22,1823.9,33.8,2.8,0.0,26.2,697.9,10.95,13.07,61.9,Nova-I,Coastal,failure
2022-04-27,6161.7,28.3,11.3,12.9,51.7,665.6,10.69,6.07,85.5,Aster-II,Coastal,failure
2022-05-02,1031.2,9.7,8.3,0.0,66.0,755.2,8.51,8.66,95.0,Aster-II,Island,success
2022-05-07,570.5,8.2,12.7,0.0,57.1,617.0,9.78,3.18,75.6,Nova-I,Island,success
2022-05-12,2760.8,15.5,10.5,1.8,68.1,764.9,10.19,3.84,80.3,Vega-M,Coastal,success
2022-05-17,7236.8,2.5,32.7,0.0,72.4,698.8,9.51,2.59,74.3,Aster-II,Inland,success
2022-05-22,2780.9,6.5,8.9,0.0,66.1,720.2,9.01,3.87,95.2,Aster-II,Coastal,failure
2022-05-27,2117.5,25.7,5.6,0.9,50.8,691.6,9.6,6.5,91.1,Nova-I,Coastal,success
2022-06-01,707.6,25.8,7.6,0.0,65.9,797.3,10.44,5.48,87.9,Nova-I,Coastal,success
2022-06-06,3735.4,5.4,10.4,0.0,98.5,733.4,10.44,11.35,70.8,Vega-M,Coastal,success
2022-06-11,4342.1,26.1,22.3,0.0,27.7,702.6,11.14,13.28,95.7,Vega-M,Inland,failure
2022-06-16,747.8,23.5,11.8,7.8,65.3,701.1,12.09,4.64,97.5,Vega-M,Island,success
2022-06-21,6105.0,36.1,4.0,6.9,90.8,712.0,10.96,3.57,88.9,Vega-M,Coastal,success
2022-06-26,4681.2,24.8,34.0,0.0,33.7,849.4,10.26,8.64,92.1,Nova-I,Inland,success
2022-07-01,6095.3,30.7,15.1,1.1,75.0,648.9,11.88,9.09,80.8,Vega-M,Inland,success
2022-07-06,4105.7,23.7,3.8,0.0,77.6,778.5,9.1,6.12,85.5,Aster-II,Island,success
2022-07-11,4318.4,29.8,3.0,0.0,27.9,750.7,8.7,6.95,76.9,Vega-M,Inland,failure
2022-07-16,3924.2,2.6,2.5,0.0,69.5,803.1,9.67,6.45,84.7,Nova-I,Coastal,success
2022-07-21,5040.7,16.5,7.3,1.2,50.8,754.0,11.07,3.08,87.0,Nova-I,Inland,success
2022-07-26,728.1,17.5,7.6,4.5,54.9,720.2,10.54,2.76,75.3,Aster-II,Coastal,success
2022-07-31,915.3,15.1,4.5,0.0,49.8,775.1,9.47,4.83,85.1,Vega-M,Island,success
2022-08-05,1587.8,23.3,2.2,1.9,80.9,732.4,9.8,4.5,88.1,Aster-II,Coastal,success
2022-08-10,2456.6,25.6,3.1,0.0,53.9,760.8,9.38,5.66,92.2,Nova-I,Inland,success
2022-08-15,3566.9,22.7,12.0,0.0,47.2,797.1,9.38,4.65,86.9,Nova-I,Coastal,success
2022-08-20,3407.6,15.9,6.1,0.0,47.5,725.0,11.67,2.19,74.8,Vega-M,Coastal,success
2022-08-25,6028.9,9.2,3.4,1.9,49.5,697.1,10.28,1.8,86.8,Aster-II,Island,success
2022-08-30,6166.7,31.2,8.3,0.0,35.5,685.2,11.85,7.06,78.6,Aster-II,Inland,success
2022-09-04,1439.3,22.2,9.4,0.0,47.0,744.3,9.67,3.6,70.7,Aster-II,Coastal,success
2022-09-09,3202.8,5.8,10.2,1.7,58.2,672.6,10.8,4.43,91.9,Nova-I,Island,success
2022-09-14,1464.9,15.7,8.0,0.0,63.7,701.1,10.59,3.79,74.8,Aster-II,Island,success
2022-09-19,2355.4,-2.9,7.2,0.0,78.9,667.8,11.12,3.2,86.0,Aster-II,Coastal,success
2022-09-24,3400.5,18.4,16.9,0.0,60.6,747.5,10.61,3.15,86.9,Vega-M,Inland,success
2022-09-29,250.0,15.6,3.2,0.0,47.0,679.4,11.21,8.08,73.9,Vega-M,Inland,success
2022-10-04,15307.5,11.1,6.5,0.0,36.8,650.5,10.85,4.42,88.3,Vega-M,Inland,success
2022-10-09,4055.4,37.0,1.2,0.0,61.6,660.0,9.51,6.72,84.8,Aster-II,Coastal,success
2022-10-14,1756.5,4.1,5.8,8.2,53.8,689.2,11.0,7.16,79.0,Aster-II,Coastal,failure
2022-10-19,10804.4,26.5,8.7,0.0,54.4,694.1,10.32,5.77,89.0,Aster-II,Island,success
2022-10-24,2100.3,44.2,13.4,0.0,61.0,733.6,9.76,7.28,93.8,Vega-M,Island,success
2022-10-29,2967.3,30.9,1.3,4.1,65.9,711.3,10.97,4.99,85.1,Aster-II,Island,success
2022-11-03,1899.4,17.6,8.5,0.0,61.1,740.0,11.16,9.53,92.1,Aster-II,Island,success
2022-11-08,8861.2,4.4,24.4,1.9,52.8,744.3,10.0,7.35,79.9,Aster-II,Inland,success
2022-11-13,2500.9,1.7,10.7,0.0,40.8,760.0,10.11,7.84,95.9,Aster-II,Island,success
2022-11-18,3003.8,13.1,2.7,0.6,44.4,617.0,9.26,3.16,81.0,Aster-II,Island,success
2022-11-23,6417.1,9.8,5.8,0.0,72.1,659.1,8.92,5.62,96.5,Nova-I,Inland,success
2022-11-28,4110.5,9.4,11.0,0.0,48.0,750.0,10.2,2.05,98.0,Aster-II,Inland,success
2022-12-03,2593.8,14.1,4.7,0.0,30.4,731.4,11.05,9.7,78.9,Aster-II,Coastal,success
2022-12-08,5999.8,16.8,9.2,0.2,78.0,772.8,9.93,3.67,96.8,Nova-I,Inland,success
2022-12-13,16776.1,23.8,8.8,2.6,38.1,636.6,11.57,3.92,66.4,Vega-M,Coastal,success
2022-12-18,3389.8,3.1,7.3,0.0,56.7,694.3,10.23,2.57,84.4,Aster-II,Coastal,failure
2022-12-23,2933.8,9.8,2.4,0.0,65.3,704.0,10.24,4.87,75.3,Nova-I,Inland,success
2022-12-28,3049.9,16.1,4.2,0.0,56.1,729.0,10.16,4.35,76.1,Vega-M,Coastal,success
2023-01-02,6929.3,15.7,26.0,0.0,8.9,721.9,11.2,11.88,83.5,Aster-II,Coastal,success
2023-01-07,1752.1,40.0,5.5,11.8,63.4,745.3,9.61,7.48,96.9,Aster-II,Island,success
2023-01-12,2207.5,20.8,6.1,6.3,81.2,713.8,10.29,3.87,96.0,Nova-I,Island,success
2023-01-17,891.6,-1.4,6.1,0.0,70.9,794.1,9.95,2.23,61.5,Vega-M,Coastal,failure
2023-01-22,1150.1,23.0,13.2,10.0,15.6,811.3,9.94,1.66,83.2,Nova-I,Coastal,success
2023-01-27,1857.9,24.5,6.3,0.0,96.4,659.6,10.43,3.03,61.2,Aster-II,Coastal,success
2023-02-01,2590.8,16.5,7.4,0.0,30.8,722.4,10.31,2.61,86.8,Nova-I,Island,success
2023-02-06,9640.6,3.4,8.5,0.0,35.5,763.1,11.26,5.86,72.8,Aster-II,Island,success
2023-02-11,3967.6,39.1,14.2,0.0,70.9,751.6,10.39,4.62,82.7,Aster-II,Coastal,success
2023-02-16,1398.7,5.2,7.4,0.0,64.6,698.0,10.86,4.99,85.4,Aster-II,Island,success
2023-02-21,1597.0,25.9,8.0,0.0,57.5,733.8,10.54,3.14,82.9,Aster-II,Coastal,success
2023-02-26,7257.7,20.4,4.8,0.0,45.2,634.5,11.55,5.33,92.8,Vega-M,Coastal,success
2023-03-03,6070.3,25.2,9.4,0.0,81.3,719.0,10.15,2.5,83.6,Aster-II,Island,success
2023-03-08,2752.5,38.5,11.3,0.0,55.3,641.1,10.15,4.75,84.6,Nova-I,Coastal,success
2023-03-13,1961.3,24.7,11.9,0.0,26.2,747.4,11.01,7.38,91.4,Vega-M,Coastal,success
2023-03-18,6062.9,11.3,23.5,0.0,79.4,659.7,10.14,4.16,92.9,Aster-II,Coastal,success
2023-03-23,1319.2,31.3,4.0,0.0,60.2,728.8,10.81,6.13,88.6,Vega-M,Inland,success
2023-03-28,3576.9,10.4,7.6,0.0,77.2,737.2,12.32,1.92,66.1,Vega-M,Island,success
2023-04-02,13853.8,20.0,6.3,4.0,66.9,724.1,9.6,1.85,76.5,Vega-M,Island,success
2023-04-07,3127.1,2.5,20.8,0.0,100.0,685.9,11.66,5.8,82.0,Aster-II,Coastal,success
2023-04-12,1543.1,5.6,12.2,0.0,50.1,708.6,10.0,8.19,91.2,Aster-II,Coastal,success
2023-04-17,3624.5,18.6,1.8,0.0,56.3,783.8,11.5,4.42,72.8,Nova-I,Island,success
2023-04-22,1922.9,22.4,4.5,0.0,69.7,697.1,10.96,13.87,92.6,Aster-II,Coastal,success
2023-04-27,988.5,-2.4,5.8,0.0,50.2,721.2,10.89,2.48,90.1,Aster-II,Island,success
2023-05-02,4468.2,24.0,2.0,0.0,71.3,689.9,10.28,3.57,86.5,Aster-II,Inland,success
2023-05-07,6032.0,8.2,8.1,0.0,8.0,775.1,10.19,5.3,78.9,Vega-M,Coastal,success
2023-05-12,2156.3,33.4,5.0,0.0,54.6,724.2,9.81,6.19,89.7,Nova-I,Island,success
2023-05-17,2055.7,13.8,24.1,0.0,54.0,678.7,10.41,3.74,59.7,Nova-I,Coastal,success
2023-05-22,1349.7,4.5,9.3,6.9,53.4,720.4,10.25,2.98,90.2,Aster-II,Coastal,success
2023-05-27,2421.3,18.9,5.6,0.0,39.3,707.0,10.56,6.67,67.9,Aster-II,Inland,success
2023-06-01,1799.2,7.0,3.4,0.0,73.2,795.2,9.24,5.28,66.2,Nova-I,Inland,failure
2023-06-06,1302.5,33.2,7.2,0.0,46.4,717.6,10.42,4.2,87.2,Nova-I,Inland,success
2023-06-11,10534.0,18.0,19.6,0.0,59.8,645.3,11.44,6.29,54.2,Vega-M,Inland,success
2023-06-16,3773.9,16.2,6.4,0.0,55.3,746.9,11.17,4.64,70.4,Aster-II,Island,success
2023-06-21,4073.0,25.1,7.2,1.9,65.5,816.4,10.42,4.63,88.8,Nova-I,Island,success
2023-06-26,5095.2,5.9,15.5,0.0,83.2,784.6,12.5,4.55,66.3,Nova-I,Inland,success
2023-07-01,4699.2,2.5,9.1,0.0,59.7,660.4,9.93,3.34,85.0,Aster-II,Coastal,success
2023-07-06,2003.3,22.9,13.0,2.1,72.0,705.5,10.33,3.18,63.9,Nova-I,Inland,success
2023-07-11,3282.1,4.8,9.8,0.0,58.8,718.3,9.21,3.85,85.8,Aster-II,Island,success
2023-07-16,2222.3,4.8,9.4,0.0,46.4,719.0,10.07,5.03,78.6,Vega-M,Coastal,success
2023-07-21,3698.5,28.0,1.7,0.0,53.3,740.6,11.87,2.02,80.0,Nova-I,Inland,success
2023-07-26,3449.6,24.3,3.0,0.0,50.6,701.4,10.1,7.79,73.8,Aster-II,Coastal,success
2023-07-31,2047.7,3.0,8.5,4.3,66.8,670.6,9.15,5.0,84.7,Nova-I,Coastal,success
2023-08-05,1035.8,10.6,3.6,0.0,58.0,771.4,11.12,2.97,76.4,Nova-I,Inland,success
2023-08-10,2996.8,7.2,7.2,4.8,40.9,659.3,10.72,10.76,77.9,Vega-M,Coastal,success
2023-08-15,2328.4,39.3,2.7,0.0,51.8,676.7,11.08,5.05,70.5,Aster-II,Island,success
2023-08-20,691.5,28.9,15.6,0.0,27.0,659.0,10.16,2.61,72.8,Vega-M,Island,success
2023-08-25,3887.5,12.9,4.0,0.0,52.5,753.1,9.57,10.53,72.9,Nova-I,Island,success
2023-08-30,5404.8,24.9,3.3,0.0,56.0,725.7,10.25,9.49,89.4,Nova-I,Coastal,failure
2023-09-04,16654.2,1.7,2.2,0.0,90.4,767.7,10.85,3.2,81.0,Aster-II,Coastal,success
2023-09-09,2035.2,9.9,11.8,0.0,81.6,677.6,10.34,4.24,88.7,Aster-II,Inland,success
2023-09-14,1830.1,19.3,7.2,0.0,36.4,652.3,10.72,3.98,99.0,Vega-M,Island,success
2023-09-19,1213.4,23.4,15.2,0.0,59.8,696.0,9.96,2.0,84.2,Nova-I,Inland,success
2023-09-24,3134.5,16.8,4.9,8.7,60.2,710.1,10.75,5.79,89.1,Vega-M,Island,success
2023-09-29,3120.3,21.0,2.9,0.0,51.6,731.3,10.4,7.43,81.5,Vega-M,Coastal,success
2023-10-04,1504.0,18.9,6.9,0.0,52.8,629.2,9.82,6.79,86.6,Aster-II,Island,success
2023-10-09,2378.1,16.0,17.2,0.3,49.3,745.9,10.51,5.03,62.1,Nova-I,Coastal,success
2023-10-14,649.0,14.4,1.6,0.0,91.6,671.7,10.08,7.79,96.8,Aster-II,Coastal,success
2023-10-19,5255.3,12.9,9.0,4.5,48.1,685.0,10.91,2.87,86.6,Nova-I,Inland,success
2023-10-24,1548.6,20.8,9.6,9.4,62.5,783.4,11.12,11.86,90.4,Vega-M,Coastal,success
2023-10-29,2630.8,22.9,19.1,0.0,8.0,602.1,10.81,3.42,95.3,Aster-II,Coastal,success
2023-11-03,965.6,20.4,3.8,0.0,71.6,737.4,9.06,3.61,84.5,Vega-M,Coastal,success
2023-11-08,1773.5,3.9,1.5,0.0,78.5,737.2,9.61,3.76,83.4,Aster-II,Coastal,success
2023-11-13,2205.5,6.0,5.3,0.0,36.0,675.8,9.88,3.63,53.8,Aster-II,Island,success
2023-11-18,2675.4,22.8,12.9,0.0,46.3,695.9,9.75,4.52,89.0,Aster-II,Coastal,success
2023-11-23,3810.1,35.7,7.5,0.0,64.6,785.9,9.95,4.43,71.8,Aster-II,Inland,success
2023-11-28,7601.8,19.8,10.4,9.7,56.4,826.0,11.16,5.27,76.3,Vega-M,Island,success
2023-12-03,4571.3,13.1,3.1,0.0,64.9,777.5,10.97,3.34,83.9,Nova-I,Coastal,success
2023-12-08,5392.5,20.7,6.1,0.0,50.5,821.8,10.05,5.37,85.8,Vega-M,Coastal,success
2023-12-13,7640.3,4.4,7.7,0.0,91.4,682.7,10.89,2.93,86.9,Vega-M,Island,success
2023-12-18,4065.1,33.7,1.9,3.7,43.3,634.7,10.67,7.04,93.0,Vega-M,Island,failure
2023-12-23,2626.9,20.2,7.7,0.0,100.0,717.2,10.37,7.0,91.6,Aster-II,Inland,success
2023-12-28,5577.9,10.0,5.7,1.5,79.6,763.5,11.34,4.94,94.8,Vega-M,Island,success
2024-01-02,5840.5,16.0,34.0,1.8,71.8,619.8,9.86,3.63,53.4,Nova-I,Coastal,success
2024-01-07,4302.6,11.7,7.3,0.0,36.2,670.0,10.44,5.75,67.6,Aster-II,Coastal,success
2024-01-12,946.4,33.7,19.8,0.0,73.3,676.0,9.54,3.23,92.6,Nova-I,Inland,success
2024-01-17,1471.7,15.6,10.3,0.0,67.5,739.3,9.58,5.04,85.4,Nova-I,Coastal,success
2024-01-22,2213.0,19.9,6.6,0.0,15.7,732.3,9.28,4.6,92.2,Aster-II,Island,success
2024-01-27,4728.3,24.9,17.9,0.0,29.3,678.1,9.59,17.5,84.6,Nova-I,Inland,success
2024-02-01,2656.1,9.1,2.7,0.0,62.8,729.7,10.47,2.75,65.5,Nova-I,Island,success
2024-02-06,6115.3,20.3,5.2,6.1,53.5,658.2,10.15,1.38,84.0,Vega-M,Inland,success
2024-02-11,6953.3,21.3,13.4,0.0,46.2,697.0,10.18,3.65,56.7,Nova-I,Coastal,success
2024-02-16,6395.8,-0.6,0.8,2.8,76.5,651.7,10.15,2.17,85.3,Aster-II,Coastal,success
2024-02-21,6425.2,21.0,7.1,0.0,39.2,711.9,11.85,3.49,96.4,Nova-I,Coastal,success
2024-02-26,1278.4,17.5,7.1,0.0,47.4,676.8,9.47,2.66,87.2,Aster-II,Island,success
2024-03-02,3818.1,19.6,8.8,0.0,43.7,757.3,9.38,3.21,86.2,Vega-M,Coastal,success
2024-03-07,1741.6,18.4,6.2,0.0,65.7,718.6,9.71,2.97,60.5,Nova-I,Coastal,success
2024-03-12,822.8,21.1,13.0,5.0,23.3,707.8,10.34,7.86,65.3,Aster-II,Coastal,failure
2024-03-17,2193.0,34.0,3.9,0.0,46.5,815.5,10.82,4.84,40.2,Vega-M,Coastal,failure
2024-03-22,7001.0,3.8,14.3,0.0,23.3,740.7,10.91,8.3,94.3,Vega-M,Island,success
2024-03-27,3758.3,13.9,3.0,0.0,50.1,700.1,11.17,5.05,99.0,Nova-I,Coastal,success
2024-04-01,11531.3,26.0,9.3,0.0,69.7,688.5,10.31,7.73,73.0,Aster-II,Island,success
2024-04-06,3064.4,23.8,16.5,0.0,70.1,656.2,10.08,4.28,87.1,Aster-II,Coastal,success
2024-04-11,15715.7,23.5,3.6,0.0,42.2,716.4,11.74,10.65,86.2,Nova-I,Inland,success
2024-04-16,3065.0,47.0,4.4,1.4,66.1,736.6,8.12,6.21,77.8,Vega-M,Coastal,success
2024-04-21,2741.3,25.4,14.6,0.0,52.5,616.6,10.45,3.41,70.7,Nova-I,Coastal,success
2024-04-26,1073.7,31.6,8.4,0.0,81.9,646.3,10.75,6.67,66.8,Vega-M,Island,success
2024-05-01,6000.5,14.3,1.5,4.6,53.5,692.1,11.94,5.02,58.7,Nova-I,Island,failure
2024-05-06,1879.0,6.1,8.6,0.0,8.0,660.7,9.04,4.49,88.6,Nova-I,Island,success
2024-05-11,1692.8,14.2,11.6,0.9,73.0,722.3,10.06,5.19,79.2,Vega-M,Coastal,success
2024-05-16,6785.1,26.5,15.0,0.0,47.3,729.8,9.29,7.1,86.5,Vega-M,Coastal,success
2024-05-21,6210.0,22.9,9.1,0.0,50.8,713.4,8.93,1.79,92.7,Vega-M,Inland,success
2024-05-26,6094.1,22.8,10.5,0.0,62.4,749.7,10.23,4.19,70.7,Vega-M,Coastal,success
2024-05-31,2078.1,15.4,21.1,0.0,28.9,688.4,11.08,6.87,75.1,Aster-II,Inland,success
2024-06-05,2600.1,13.5,13.7,0.8,57.4,717.5,11.39,5.58,95.3,Nova-I,Inland,success
2024-06-10,2583.5,15.8,6.0,3.7,66.2,665.8,9.96,2.88,96.5,Nova-I,Inland,success
2024-06-15,4738.2,26.7,6.6,0.0,62.9,735.4,10.95,1.59,83.5,Aster-II,Island,success
2024-06-20,8254.9,28.1,16.1,0.0,44.6,724.1,10.24,11.21,94.6,Nova-I,Inland,success
2024-06-25,3516.0,5.9,9.0,0.0,74.8,655.3,10.86,4.53,86.8,Vega-M,Coastal,success
2024-06-30,11180.4,27.1,8.1,0.0,37.0,711.6,11.35,10.24,68.3,Nova-I,Coastal,success
2024-07-05,5146.0,10.2,5.8,0.0,44.1,718.0,10.24,7.25,84.4,Nova-I,Inland,success
2024-07-10,2277.8,23.6,15.7,0.3,53.4,735.2,11.28,3.38,68.5,Nova-I,Inland,failure
2024-07-15,4898.4,15.7,3.8,0.0,61.6,737.2,9.41,1.49,78.8,Nova-I,Coastal,success
2024-07-20,9212.1,36.8,5.2,0.0,49.8,681.1,10.94,3.97,87.8,Nova-I,Coastal,success
2024-07-25,11370.4,13.0,15.7,0.0,79.3,761.2,11.25,4.87,68.9,Aster-II,Island,success
2024-07-30,6339.5,20.1,15.5,2.2,61.6,748.2,11.16,6.15,86.2,Nova-I,Island,success
2024-08-04,2747.6,25.3,29.5,1.8,57.4,680.9,9.43,2.91,86.6,Aster-II,Inland,success
2024-08-09,2307.6,7.5,7.1,0.0,60.9,658.3,10.23,5.39,84.6,Vega-M,Coastal,success
2024-08-14,4083.7,17.1,5.9,0.0,69.9,685.0,10.65,5.39,96.9,Aster-II,Coastal,success
2024-08-19,9002.5,14.8,6.4,4.7,60.6,640.5,10.76,7.95,82.9,Aster-II,Inland,success
2024-08-24,3686.1,11.8,1.8,0.0,21.6,731.2,10.5,4.27,93.6,Nova-I,Coastal,success
2024-08-29,3741.6,12.7,0.9,0.9,76.7,783.9,11.57,6.13,70.8,Nova-I,Inland,success
2024-09-03,2799.0,31.3,9.1,9.8,58.3,796.8,9.34,5.69,75.7,Nova-I,Inland,success
2024-09-08,2130.1,10.8,5.6,0.0,69.0,661.2,10.2,7.54,88.6,Vega-M,Coastal,success
2024-09-13,2400.1,24.8,4.0,0.0,48.3,762.5,9.02,3.34,89.6,Aster-II,Coastal,success
2024-09-18,2973.5,21.8,8.0,0.0,21.3,724.6,10.91,1.13,73.5,Nova-I,Coastal,success
2024-09-23,9293.1,1.2,9.3,1.6,12.7,590.6,10.85,4.42,84.6,Aster-II,Island,success
2024-09-28,2269.7,24.2,6.8,0.0,38.1,702.1,13.15,4.43,71.2,Vega-M,Inland,success
2024-10-03,2801.4,1.0,6.9,3.0,65.8,696.0,11.24,2.84,89.4,Aster-II,Coastal,success
2024-10-08,1446.5,25.5,5.5,0.0,80.7,785.4,10.67,2.4,82.1,Aster-II,Island,success
2024-10-13,4518.7,11.9,12.2,1.6,61.7,673.0,10.61,3.76,84.6,Vega-M,Inland,success
2024-10-18,7215.7,18.1,4.9,0.0,36.0,750.4,10.14,4.69,72.2,Aster-II,Inland,success
2024-10-23,8687.5,2.5,3.4,0.0,41.1,714.2,10.51,5.19,65.2,Aster-II,Island,success
2024-10-28,3122.6,19.5,5.3,0.0,81.9,641.9,10.63,1.65,77.7,Nova-I,Coastal,success
2024-11-02,4078.7,29.1,8.8,0.0,31.1,690.2,8.79,2.13,94.0,Nova-I,Coastal,success
2024-11-07,2415.0,8.3,12.7,0.0,95.9,802.7,10.56,8.52,74.2,Vega-M,Inland,success
2024-11-12,3944.9,10.7,23.8,1.0,91.6,710.6,10.48,4.52,97.7,Aster-II,Coastal,success
2024-11-17,3381.4,23.5,8.0,0.0,96.6,768.9,11.84,4.95,76.5,Nova-I,Inland,success
2024-11-22,2812.8,23.8,20.0,2.4,63.2,766.0,10.29,2.61,80.0,Aster-II,Coastal,success
2024-11-27,2978.5,-11.2,4.6,0.0,49.5,695.8,9.77,4.94,71.4,Nova-I,Coastal,success
2024-12-02,3734.6,42.2,3.9,0.0,62.8,650.7,10.62,4.14,87.3,Vega-M,Coastal,success
2024-12-07,2182.5,24.3,10.2,2.5,73.3,657.8,10.46,3.68,97.7,Nova-I,Coastal,success
2024-12-12,2265.2,26.4,11.3,0.0,43.6,798.4,10.29,2.46,71.4,Vega-M,Coastal,success
2024-12-17,9221.6,16.3,8.6,5.2,35.1,728.2,9.35,3.26,93.9,Aster-II,Coastal,success
2024-12-22,18988.6,-4.3,34.0,8.2,50.6,626.4,10.27,12.76,83.5,Nova-I,Island,success
2024-12-27,1133.3,26.1,4.8,0.0,41.3,765.0,9.93,4.19,65.5,Nova-I,Coastal,success
2025-01-01,1089.2,11.2,17.5,2.6,79.6,623.5,10.22,7.24,82.6,Vega-M,Coastal,success
2025-01-06,1354.0,24.5,4.0,0.0,44.3,675.4,11.0,4.51,94.5,Nova-I,Coastal,success
2025-01-11,2504.0,15.4,11.9,0.0,57.8,724.4,9.85,4.26,80.2,Nova-I,Coastal,success
2025-01-16,5140.8,20.9,7.8,0.0,74.7,856.1,10.22,3.65,85.4,Aster-II,Coastal,success
2025-01-21,4128.6,8.7,9.0,11.4,80.3,764.1,10.84,9.45,94.1,Nova-I,Inland,success
2025-01-26,3052.9,28.4,10.3,0.0,60.0,694.0,10.18,5.92,65.2,Nova-I,Coastal,success
2025-01-31,3947.5,3.7,8.0,0.0,63.3,721.5,12.54,3.39,82.2,Nova-I,Island,success
2025-02-05,1638.8,44.9,6.9,9.2,36.7,769.7,10.6,4.1,80.8,Vega-M,Island,failure
2025-02-10,2262.5,44.9,1.4,0.0,75.4,796.8,9.38,8.3,87.1,Nova-I,Coastal,success
2025-02-15,2658.5,37.6,14.0,9.2,80.0,706.6,9.71,1.27,86.4,Nova-I,Coastal,success
2025-02-20,862.1,33.3,2.5,0.0,20.5,708.2,9.63,5.75,90.5,Nova-I,Coastal,success
2025-02-25,1168.9,17.0,5.6,0.0,89.5,675.2,9.72,6.41,80.7,Nova-I,Inland,success
2025-03-02,1202.9,32.0,9.5,0.0,42.7,755.9,10.84,3.46,76.0,Nova-I,Coastal,success
2025-03-07,4675.8,16.8,3.0,0.0,67.3,775.4,9.49,5.33,64.1,Nova-I,Island,success
2025-03-12,3218.5,-0.6,6.9,0.0,57.5,615.3,10.13,6.3,86.8,Nova-I,Island,success
2025-03-17,4187.9,36.0,13.0,5.9,54.9,698.6,11.34,2.74,88.0,Nova-I,Island,success
2025-03-22,717.3,31.5,5.5,6.3,52.1,654.5,9.97,7.42,83.0,Vega-M,Inland,success
2025-03-27,926.9,17.6,7.0,0.0,37.1,728.1,10.95,5.71,82.5,Nova-I,Island,success
2025-04-01,4348.2,3.3,3.5,0.0,66.0,653.2,9.02,4.6,90.5,Nova-I,Coastal,success
2025-04-06,364.8,11.0,6.0,0.0,50.6,648.7,10.1,5.21,98.4,Vega-M,Coastal,success
2025-04-11,6514.2,-3.9,2.6,0.0,31.1,780.7,9.67,6.95,88.3,Vega-M,Coastal,success
2025-04-16,725.8,29.3,8.7,0.0,36.3,711.1,10.65,15.06,76.9,Aster-II,Island,success
2025-04-21,4950.3,-1.2,2.1,0.0,31.4,716.8,9.55,6.64,65.4,Nova-I,Inland,success
2025-04-26,1422.6,21.4,4.6,2.1,46.0,743.3,12.1,7.31,97.7,Nova-I,Island,success
2025-05-01,5740.0,7.9,7.8,3.4,65.2,772.4,9.06,5.44,77.2,Nova-I,Coastal,success
2025-05-06,24000.0,0.9,6.5,1.0,42.5,697.4,11.33,12.34,87.8,Nova-I,Island,success
2025-05-11,525.0,20.9,9.9,0.0,74.5,698.6,11.12,2.45,75.3,Nova-I,Inland,success
2025-05-16,4450.1,14.0,7.0,0.0,53.7,698.8,10.65,2.15,81.1,Aster-II,Inland,success
2025-05-21,733.7,28.1,1.4,0.0,50.5,778.4,10.44,5.33,76.3,Nova-I,Island,success
2025-05-26,3667.5,2.8,2.9,0.0,56.3,716.3,11.92,6.8,80.9,Aster-II,Coastal,success
2025-05-31,2324.2,8.9,7.5,0.0,82.5,704.3,12.43,1.44,88.9,Nova-I,Coastal,failure
2025-06-05,2961.5,-10.7,15.3,1.0,29.9,741.1,10.23,4.94,73.6,Nova-I,Inland,success
2025-06-10,1399.1,-8.2,13.6,0.0,87.5,818.9,10.53,4.54,89.3,Vega-M,Coastal,success
2025-06-15,4731.5,39.6,34.0,0.0,74.2,724.0,9.95,7.08,97.9,Vega-M,Coastal,success
2025-06-20,950.7,43.0,5.1,0.0,55.6,705.4,9.44,6.08,81.6,Nova-I,Coastal,success
2025-06-25,6594.4,19.1,12.7,8.4,78.5,824.9,10.78,2.08,71.1,Aster-II,Coastal,success
2025-06-30,2008.9,8.1,12.1,0.0,49.9,791.8,10.6,2.95,90.5,Nova-I,Island,success
2025-07-05,982.5,14.4,20.5,5.3,61.4,784.0,9.08,3.36,82.2,Nova-I,Inland,success
2025-07-10,8504.5,28.5,17.0,0.0,45.7,693.0,10.77,7.06,88.5,Aster-II,Coastal,failure
2025-07-15,2569.6,11.8,9.2,0.0,74.4,687.6,10.63,5.93,90.5,Nova-I,Coastal,success
2025-07-20,10651.9,20.9,11.3,7.3,42.6,621.0,9.91,3.68,95.4,Aster-II,Coastal,success
2025-07-25,6498.8,17.8,9.9,0.0,55.0,772.1,9.85,5.31,75.0,Aster-II,Inland,success
2025-07-30,1518.3,11.2,7.3,0.0,68.9,724.2,10.75,2.98,80.6,Nova-I,Island,success
2025-08-04,2537.2,11.7,10.8,0.0,75.9,622.8,11.72,13.25,88.6,Nova-I,Island,success
2025-08-09,2942.9,21.5,8.5,0.0,40.4,784.9,10.73,6.53,76.8,Nova-I,Coastal,success
2025-08-14,8094.5,6.3,8.3,0.0,70.3,701.8,11.04,7.22,79.5,Vega-M,Coastal,success
2025-08-19,3696.0,23.4,21.1,7.3,37.3,708.4,9.72,9.59,97.5,Aster-II,Inland,failure
2025-08-24,3062.3,12.3,9.3,1.0,15.1,638.3,10.06,8.07,96.3,Nova-I,Inland,success
2025-08-29,2335.7,19.5,8.0,0.0,41.8,746.6,10.9,5.03,81.5,Nova-I,Inland,success
2025-09-03,2600.9,34.6,6.7,0.0,71.9,747.1,9.29,4.53,98.3,Aster-II,Inland,success
2025-09-08,6900.2,16.0,6.3,0.0,55.8,717.4,10.57,9.19,89.2,Nova-I,Inland,success
2025-09-13,2704.5,29.0,2.9,0.0,45.8,697.4,10.8,5.02,84.1,Aster-II,Coastal,success
2025-09-18,2029.6,-3.5,7.3,0.0,57.1,861.8,10.37,3.46,92.7,Aster-II,Coastal,failure
2025-09-23,1796.4,12.4,15.8,0.0,56.4,655.0,10.66,12.73,71.9,Aster-II,Coastal,success
2025-09-28,1810.4,18.3,4.9,9.9,67.8,681.0,10.45,3.16,85.4,Nova-I,Coastal,success
2025-10-03,982.9,41.1,27.0,0.0,25.4,758.2,9.89,2.15,90.1,Nova-I,Coastal,success
2025-10-08,1571.4,-5.5,0.8,0.0,54.1,665.2,9.43,7.98,89.4,Nova-I,Inland,success
2025-10-13,7933.6,16.8,10.5,7.9,58.4,661.2,10.33,3.49,92.6,Aster-II,Coastal,success
2025-10-18,2324.5,35.5,8.8,0.0,30.1,781.1,11.47,6.1,86.5,Vega-M,Coastal,success
2025-10-23,4479.1,8.6,20.8,0.0,29.8,752.7,11.24,11.85,75.4,Nova-I,Inland,success
2025-10-28,452.7,15.4,4.5,0.0,49.1,746.1,10.12,2.56,75.2,Aster-II,Island,success
2025-11-02,4061.0,22.0,2.6,0.0,56.2,729.8,10.1,4.86,69.8,Aster-II,Coastal,success
2025-11-07,2401.4,20.2,6.4,0.0,56.2,682.6,10.04,10.09,90.8,Nova-I,Island,success
2025-11-12,1907.1,36.8,5.7,0.0,45.4,706.4,10.04,6.87,65.0,Nova-I,Island,success
2025-11-17,3072.6,23.4,1.7,0.0,44.7,715.7,10.64,4.54,88.2,Nova-I,Inland,failure
2025-11-22,1887.5,33.9,8.1,0.0,48.5,765.7,11.27,15.59,83.8,Aster-II,Inland,failure
2025-11-27,584.5,13.7,5.3,0.0,61.7,743.0,12.26,4.73,90.4,Aster-II,Coastal,success
2025-12-02,5239.7,9.1,18.4,0.0,79.6,669.9,9.72,5.99,75.7,Aster-II,Island,success
2025-12-07,3213.0,15.3,8.2,0.0,13.8,762.6,10.93,10.93,86.0,Vega-M,Coastal,success
2025-12-12,2151.6,4.1,4.1,0.0,67.8,629.4,10.84,7.93,91.5,Aster-II,Island,success
2025-12-17,1345.3,23.8,7.4,2.6,53.9,702.7,10.13,9.34,97.7,Vega-M,Inland,success
2025-12-22,936.1,13.4,8.6,0.0,66.0,658.3,9.56,3.22,89.0,Aster-II,Coastal,success
2025-12-27,3169.1,9.9,11.2,0.0,78.5,673.7,10.63,8.93,80.4,Vega-M,Coastal,success
2026-01-01,8618.6,24.0,7.7,0.0,41.7,824.0,12.14,5.37,82.5,Vega-M,Inland,failure
2026-01-06,3122.2,4.3,26.2,0.0,73.9,640.6,10.62,3.46,90.4,Aster-II,Inland,success
2026-01-11,996.7,27.2,2.8,0.0,32.2,675.8,9.75,5.51,75.1,Vega-M,Coastal,success
2026-01-16,3171.9,12.3,5.3,7.4,58.4,747.6,10.27,5.43,76.9,Vega-M,Inland,success
2026-01-21,2595.7,31.9,4.1,0.0,51.4,694.6,9.47,12.14,97.5,Aster-II,Island,success
2026-01-26,5024.7,13.3,5.9,0.0,56.9,728.4,10.42,5.95,84.8,Aster-II,Inland,success
2026-01-31,4174.9,25.6,9.4,0.0,37.2,797.2,10.96,3.4,72.4,Aster-II,Inland,success
2026-02-05,314.3,20.2,8.9,0.0,64.3,755.3,9.83,3.05,78.6,Vega-M,Coastal,success
2026-02-10,3994.1,26.9,11.0,0.0,86.1,694.7,7.73,4.84,87.9,Aster-II,Island,success
2026-02-15,1309.6,19.3,8.1,0.0,37.5,712.8,10.63,2.6,80.5,Vega-M,Coastal,success
2026-02-20,969.1,-2.0,8.5,0.0,59.6,748.7,9.99,3.51,93.6,Vega-M,Island,success
2026-02-25,2355.0,30.1,8.2,3.1,72.3,754.3,9.78,4.41,73.3,Vega-M,Coastal,success
2026-03-02,3626.1,16.9,5.5,0.0,50.4,721.1,9.78,4.05,97.2,Nova-I,Inland,success
2026-03-07,827.7,27.5,5.2,1.6,81.8,739.5,10.73,7.02,75.3,Aster-II,Coastal,success
2026-03-12,4479.6,26.3,4.0,0.0,47.8,739.5,10.07,3.48,72.1,Aster-II,Coastal,success
2026-03-17,4673.2,8.7,11.4,0.0,53.8,715.0,11.16,1.51,97.4,Vega-M,Island,success
2026-03-22,2790.1,7.0,1.0,0.0,37.1,687.3,11.18,2.21,93.2,Vega-M,Inland,success
2026-03-27,1444.2,25.9,8.3,0.0,58.4,760.1,10.18,4.91,76.1,Aster-II,Inland,success
2026-04-01,1332.5,14.4,12.9,0.0,56.1,735.8,9.97,3.74,79.9,Aster-II,Island,success
2026-04-06,5645.8,29.2,15.1,0.0,68.1,607.6,10.5,2.74,68.7,Nova-I,Island,success
2026-04-11,908.6,15.9,0.7,0.0,43.9,675.4,10.28,12.68,88.0,Vega-M,Island,success
2026-04-16,5804.7,30.3,5.6,0.0,43.0,694.0,8.96,7.37,72.7,Nova-I,Coastal,success
2026-04-21,2394.8,23.1,4.2,0.0,64.8,709.1,11.97,4.82,72.6,Aster-II,Inland,success
2026-04-26,2517.4,21.5,5.2,0.0,82.5,785.0,10.99,5.54,84.1,Vega-M,Island,success
2026-05-01,788.5,13.5,17.2,0.0,68.0,892.9,10.02,4.36,84.1,Aster-II,Coastal,success
2026-05-06,2426.9,20.8,4.2,7.0,91.1,587.2,8.83,2.71,81.5,Nova-I,Coastal,success
2026-05-11,4195.6,32.3,12.8,0.0,66.6,736.4,10.25,8.12,96.9,Nova-I,Island,success
2026-05-16,1030.5,17.3,8.4,2.7,65.9,723.8,9.92,7.45,69.3,Vega-M,Inland,success
2026-05-21,3862.3,24.4,5.1,0.0,68.9,710.3,10.35,1.92,87.3,Aster-II,Inland,success
2026-05-26,2875.8,18.6,4.7,0.0,84.3,749.3,8.63,5.52,98.8,Nova-I,Island,success
2026-05-31,1696.8,19.5,9.0,0.0,79.5,728.1,10.01,5.82,83.9,Aster-II,Inland,success
2026-06-05,4990.9,38.7,7.2,0.0,35.4,700.5,10.06,4.24,72.9,Nova-I,Coastal,success
2026-06-10,552.5,32.4,1.6,0.0,71.2,721.6,10.24,13.55,90.3,Vega-M,Coastal,failure
2026-06-15,3462.0,19.0,3.5,0.0,61.0,750.1,10.21,12.87,85.7,Nova-I,Coastal,success
2026-06-20,8655.9,20.6,9.2,0.0,52.3,744.9,10.44,4.13,92.9,Nova-I,Coastal,success
2026-06-25,7606.5,9.6,2.7,0.0,22.3,730.2,11.65,4.45,97.6,Nova-I,Island,success
2026-06-30,3571.2,15.9,14.1,0.0,26.7,688.5,9.98,4.21,78.2,Aster-II,Island,success
2026-07-05,2170.7,21.7,2.0,0.0,49.1,872.2,9.65,3.69,93.6,Aster-II,Coastal,success
2026-07-10,1706.5,28.2,6.2,0.0,28.2,739.4,8.98,3.18,83.3,Aster-II,Coastal,success
2026-07-15,2168.7,27.0,11.7,3.5,49.5,761.2,9.98,6.32,80.4,Aster-II,Island,success
2026-07-20,3990.0,4.7,3.2,0.0,69.6,692.6,9.25,12.7,67.1,Nova-I,Coastal,failure
2026-07-25,1508.4,29.7,2.5,0.0,45.0,730.2,11.19,10.42,78.4,Nova-I,Inland,success
2026-07-30,4653.4,16.9,10.3,0.0,57.6,729.8,10.32,7.23,95.3,Nova-I,Inland,success
2026-08-04,12529.9,6.2,13.1,0.0,35.7,616.8,11.17,1.56,91.5,Vega-M,Inland,success
2026-08-09,2579.7,34.0,6.5,0.8,61.7,681.3,11.6,2.02,85.5,Nova-I,Coastal,success
2026-08-14,1024.6,35.6,5.5,0.0,65.7,680.3,9.69,8.25,68.0,Vega-M,Inland,success
2026-08-19,1024.3,21.2,1.9,0.0,29.0,687.6,10.12,10.78,83.2,Nova-I,Coastal,success
2026-08-24,4717.9,26.5,7.9,0.0,41.7,662.2,11.49,6.46,61.4,Nova-I,Inland,failure
2026-08-29,2583.7,27.2,1.4,0.0,31.9,722.4,10.56,4.28,66.5,Nova-I,Coastal,success
2026-09-03,5071.1,34.7,17.4,0.0,65.7,795.5,10.83,9.48,71.3,Nova-I,Inland,success
2026-09-08,1836.8,26.7,6.7,0.0,59.1,727.0,11.25,7.11,88.4,Vega-M,Inland,success
2026-09-13,4905.2,2.1,3.5,0.0,55.1,656.2,11.14,8.55,95.1,Aster-II,Coastal,failure
2026-09-18,2406.7,42.1,4.6,0.0,53.6,664.3,10.74,2.03,88.3,Nova-I,Coastal,success
2026-09-23,1591.8,30.8,8.3,1.2,62.1,699.6,11.55,5.84,79.4,Aster-II,Coastal,success
2026-09-28,2020.9,11.9,5.3,3.3,62.5,643.6,10.34,11.61,80.1,Aster-II,Coastal,success
2026-10-03,1139.2,5.6,7.4,0.0,46.6,736.4,10.83,6.38,93.5,Vega-M,Coastal,success
2026-10-08,11297.5,24.1,3.1,0.0,43.9,793.1,10.26,7.81,94.8,Vega-M,Island,success
2026-10-13,2516.5,14.7,15.3,0.0,54.9,688.9,11.24,5.04,77.0,Aster-II,Coastal,success
2026-10-18,4290.0,22.0,4.7,0.0,52.4,724.1,9.83,5.21,94.9,Vega-M,Island,success
2026-10-23,1832.5,26.9,1.0,0.0,95.2,696.8,9.02,9.71,95.0,Vega-M,Island,success
2026-10-28,1264.7,11.2,5.6,0.0,48.7,686.0,10.94,3.59,87.6,Aster-II,Coastal,success
2026-11-02,2279.3,4.6,4.2,0.0,61.5,730.2,9.56,3.43,92.4,Aster-II,Inland,success
2026-11-07,5960.2,22.6,14.7,0.0,64.9,684.2,9.48,3.94,81.1,Nova-I,Island,success
2026-11-12,1853.9,11.6,3.5,0.0,82.6,676.3,11.44,5.01,89.7,Aster-II,Inland,success
2026-11-17,1441.2,19.8,5.2,0.0,40.6,632.6,11.19,2.29,86.5,Vega-M,Coastal,success
2026-11-22,3016.7,1.9,8.5,0.0,81.5,723.5,10.12,7.04,66.4,Nova-I,Coastal,success
2026-11-27,3863.4,15.0,11.1,0.0,53.2,777.6,7.9,4.58,74.0,Vega-M,Coastal,success
2026-12-02,8803.0,26.6,18.1,1.8,100.0,758.2,10.84,7.46,65.0,Vega-M,Inland,success
2026-12-07,3479.7,25.3,3.8,0.0,62.9,800.6,10.94,1.79,95.5,Nova-I,Island,failure
2026-12-12,4288.4,8.5,16.8,0.0,32.7,683.6,10.82,7.48,79.8,Aster-II,Island,success
2026-12-17,4527.3,4.0,14.3,12.7,52.3,765.9,10.79,9.41,94.7,Vega-M,Coastal,success
2026-12-22,1175.9,18.2,4.1,0.0,81.4,660.5,10.25,6.11,84.2,Vega-M,Inland,success
2026-12-27,1348.0,24.7,3.7,5.4,57.5,758.3,10.06,5.02,92.1,Nova-I,Coastal,success
2027-01-01,1235.9,22.9,9.8,7.8,54.9,808.8,9.49,7.5,95.0,Nova-I,Island,success
2027-01-06,1033.7,11.9,7.3,1.0,69.7,746.9,9.83,9.12,84.6,Aster-II,Coastal,success
2027-01-11,4782.6,21.6,9.8,3.6,49.4,809.7,10.66,6.37,84.3,Nova-I,Island,success
2027-01-16,3323.7,36.0,5.8,0.0,52.0,687.7,10.68,6.6,82.2,Nova-I,Island,success
2027-01-21,2856.2,20.5,7.8,0.0,38.1,712.8,11.05,10.97,83.0,Nova-I,Coastal,success
2027-01-26,417.1,-1.6,6.8,2.4,88.8,670.6,9.25,7.14,65.6,Nova-I,Coastal,success
2027-01-31,11848.3,20.4,9.7,11.1,32.8,721.9,9.04,3.37,62.0,Aster-II,Island,success
2027-02-05,1416.8,42.5,3.6,0.0,59.2,734.6,10.09,9.1,78.0,Aster-II,Coastal,failure
2027-02-10,11817.1,2.6,8.2,0.0,65.1,721.4,9.56,4.67,91.2,Aster-II,Inland,success
2027-02-15,950.1,18.4,17.9,0.0,55.7,694.4,10.55,5.03,92.5,Aster-II,Island,success
2027-02-20,1502.8,15.3,17.2,9.5,32.2,693.5,9.33,5.21,95.7,Nova-I,Inland,success
2027-02-25,552.2,19.2,8.9,0.0,37.0,738.6,11.37,7.89,96.8,Nova-I,Coastal,success
2027-03-02,3500.7,20.3,3.6,0.0,65.9,711.4,9.73,11.47,81.6,Nova-I,Coastal,success
2027-03-07,1220.6,31.7,23.5,0.0,41.2,657.8,11.71,5.01,96.2,Nova-I,Coastal,success
2027-03-12,1245.7,19.0,9.7,0.0,16.6,617.5,10.83,11.37,69.9,Nova-I,Island,success
2027-03-17,1004.0,33.3,22.0,5.8,63.4,687.8,9.53,5.36,81.5,Nova-I,Coastal,success
2027-03-22,4720.6,16.6,10.0,0.0,39.4,645.4,12.12,9.71,74.3,Nova-I,Coastal,failure
2027-03-27,4501.9,13.8,0.6,0.0,68.0,674.9,10.62,5.45,84.4,Nova-I,Coastal,success
2027-04-01,9943.4,10.0,23.4,0.0,52.2,697.1,10.54,3.91,88.2,Aster-II,Island,success
2027-04-06,1646.3,-3.8,13.0,5.5,51.3,712.1,10.35,12.46,74.8,Aster-II,Coastal,success
2027-04-11,3157.5,21.3,7.6,0.0,57.0,684.0,10.78,3.74,88.4,Vega-M,Island,success
2027-04-16,1066.0,42.6,1.5,0.0,34.4,838.3,10.83,3.62,67.9,Vega-M,Inland,success
2027-04-21,2119.2,23.5,13.9,0.0,40.3,651.9,9.69,2.71,81.1,Aster-II,Island,success
2027-04-26,1856.5,26.2,9.9,7.2,51.1,785.3,10.22,9.1,72.0,Nova-I,Island,success
2027-05-01,3768.4,13.0,27.7,0.7,34.3,711.2,10.49,10.19,90.7,Aster-II,Island,success
2027-05-06,5609.7,15.1,20.6,0.0,69.6,684.5,10.88,5.92,78.6,Nova-I,Island,success
2027-05-11,5505.9,29.8,21.6,0.0,50.2,751.7,10.89,3.09,96.4,Aster-II,Coastal,success
2027-05-16,1470.2,42.1,8.7,5.4,28.5,695.5,10.53,4.94,88.7,Nova-I,Island,success
2027-05-21,5535.3,35.9,8.5,0.0,45.4,676.4,9.95,4.28,97.5,Aster-II,Inland,success
2027-05-26,2613.0,27.7,10.0,0.0,57.9,816.6,9.91,3.02,91.9,Nova-I,Inland,success
2027-05-31,2135.1,18.4,4.5,2.2,47.5,601.5,9.42,3.92,90.8,Aster-II,Island,success
2027-06-05,1619.5,20.5,7.7,4.7,63.6,706.8,10.89,6.31,87.3,Vega-M,Island,success
2027-06-10,1802.3,9.0,6.7,0.0,66.9,730.3,9.89,3.7,56.6,Aster-II,Inland,success
2027-06-15,9456.6,0.6,16.5,4.0,100.0,796.0,10.24,5.7,75.6,Aster-II,Inland,success
2027-06-20,3365.5,4.5,18.7,0.0,77.9,698.5,10.59,2.11,84.3,Aster-II,Inland,success
2027-06-25,3058.6,18.6,11.9,0.0,24.9,863.7,10.4,11.09,89.9,Nova-I,Coastal,success
2027-06-30,2233.2,14.5,3.9,0.0,49.2,761.0,10.4,4.1,80.5,Aster-II,Coastal,success
2027-07-05,15695.1,0.4,24.3,0.0,50.9,592.2,9.66,7.52,95.7,Aster-II,Coastal,success
2027-07-10,6902.3,17.6,13.9,0.0,66.9,641.5,10.62,5.42,91.5,Nova-I,Coastal,success
2027-07-15,1604.9,14.2,9.5,0.0,38.3,732.8,10.14,6.01,90.9,Nova-I,Coastal,success
2027-07-20,2215.0,3.9,11.1,4.3,45.9,658.2,10.33,2.88,69.9,Vega-M,Island,success
2027-07-25,2311.7,13.6,2.3,0.0,32.4,749.6,11.35,3.44,64.5,Aster-II,Coastal,success
2027-07-30,2996.0,14.1,6.7,5.1,44.6,695.5,10.81,3.48,88.2,Aster-II,Island,success
2027-08-04,1628.0,10.6,17.5,0.0,45.3,655.4,9.93,5.01,79.3,Aster-II,Inland,success
2027-08-09,3699.5,29.1,2.2,0.0,50.1,667.9,10.28,9.36,91.3,Nova-I,Coastal,success
2027-08-14,7673.3,-4.8,2.1,0.0,33.5,766.0,11.71,6.1,96.6,Aster-II,Coastal,success
2027-08-19,1047.5,-5.8,14.0,0.0,74.7,610.8,10.15,3.22,86.5,Nova-I,Coastal,failure
2027-08-24,1197.2,18.0,10.6,0.0,65.0,776.4,10.43,5.17,76.4,Aster-II,Island,failure
2027-08-29,1904.8,19.2,2.2,0.0,28.5,778.0,10.94,4.76,95.0,Aster-II,Coastal,success
2027-09-03,1969.4,22.9,6.2,0.0,56.5,702.1,10.58,4.19,73.9,Nova-I,Inland,success
2027-09-08,11371.8,11.5,9.5,0.0,26.3,644.2,10.09,4.92,95.1,Vega-M,Island,success
2027-09-13,5548.2,7.0,8.7,0.0,81.5,750.0,9.79,7.15,96.3,Nova-I,Island,success
2027-09-18,5323.6,17.9,10.0,0.0,86.7,693.7,10.39,3.51,78.1,Aster-II,Coastal,success
2027-09-23,2229.8,12.7,5.9,0.0,54.9,638.2,10.94,4.2,63.9,Aster-II,Coastal,failure
2027-09-28,2194.8,36.6,9.1,0.0,39.8,823.1,11.48,7.94,74.0,Aster-II,Coastal,failure
2027-10-03,948.4,14.1,11.9,0.0,43.4,672.2,9.2,6.2,98.3,Aster-II,Coastal,success
2027-10-08,4735.5,17.4,11.3,0.0,47.4,640.5,11.85,9.15,72.1,Vega-M,Coastal,success
2027-10-13,3841.3,47.0,6.0,0.0,54.0,735.4,10.16,9.87,85.4,Aster-II,Inland,success
2027-10-18,6808.4,15.7,12.6,14.0,82.0,716.3,11.16,2.58,85.1,Aster-II,Island,success
2027-10-23,2317.4,24.7,3.5,0.0,74.2,800.3,9.8,5.69,58.8,Aster-II,Inland,failure
2027-10-28,2435.5,25.8,4.6,0.0,74.4,699.5,9.08,3.88,94.8,Nova-I,Inland,success
2027-11-02,3048.6,26.8,13.9,0.0,59.2,700.0,9.32,2.79,86.2,Nova-I,Coastal,success
2027-11-07,5126.4,21.5,12.5,0.0,34.1,738.1,10.13,3.39,81.0,Aster-II,Island,success
2027-11-12,935.8,20.3,6.4,0.0,41.4,730.8,10.83,4.29,80.9,Nova-I,Inland,success
2027-11-17,4582.3,19.2,4.6,0.0,57.2,732.4,10.43,4.3,87.1,Nova-I,Island,success
2027-11-22,2657.8,11.1,5.1,0.0,33.2,734.7,10.19,3.7,73.5,Nova-I,Island,success
2027-11-27,1258.6,21.9,11.5,3.1,61.8,728.9,11.32,4.92,100.0,Aster-II,Coastal,success
2027-12-02,601.3,42.3,10.1,0.0,71.3,697.5,10.4,16.03,81.9,Nova-I,Coastal,success
2027-12-07,2444.8,32.5,4.3,0.0,66.4,765.0,10.63,2.16,82.8,Vega-M,Coastal,success
2027-12-12,7649.2,21.6,12.4,0.6,65.6,700.6,12.95,8.55,80.3,Aster-II,Coastal,failure
2027-12-17,9007.1,28.3,6.2,0.0,20.5,763.4,10.39,4.91,87.7,Aster-II,Island,success
2027-12-22,3483.8,7.6,3.6,0.0,81.3,794.9,9.83,4.01,80.0,Nova-I,Coastal,success
2027-12-27,11077.2,14.9,5.5,0.0,26.2,683.4,10.79,1.88,72.7,Aster-II,Island,success
2028-01-01,2615.2,29.4,8.2,0.0,53.1,849.8,11.0,7.14,97.2,Nova-I,Inland,success
2028-01-06,5358.2,35.8,12.1,2.5,67.8,681.5,10.65,2.48,87.6,Aster-II,Coastal,success
2028-01-11,1949.1,8.7,11.6,0.0,62.8,681.9,10.53,7.37,77.6,Nova-I,Coastal,success
2028-01-16,1862.2,12.2,7.1,0.0,31.7,749.2,11.62,11.43,92.4,Vega-M,Inland,success
2028-01-21,1656.1,44.2,8.9,0.0,35.1,743.8,11.51,2.68,91.9,Nova-I,Inland,failure
2028-01-26,611.8,19.2,6.7,0.0,61.5,723.9,10.3,8.68,68.0,Aster-II,Coastal,success
2028-01-31,6813.8,39.9,4.3,0.0,65.7,764.2,9.87,5.01,85.7,Nova-I,Coastal,success
2028-02-05,1699.4,20.5,7.3,0.0,35.0,733.6,10.75,1.81,91.6,Aster-II,Inland,success
2028-02-10,1514.7,21.0,1.5,0.0,63.5,831.6,9.87,2.78,87.5,Aster-II,Coastal,success
2028-02-15,1153.3,14.3,19.0,0.0,27.2,717.1,11.13,5.4,64.1,Nova-I,Island,success
2028-02-20,2328.2,29.3,8.7,0.4,67.9,673.9,10.75,6.0,82.7,Nova-I,Coastal,success
2028-02-25,9601.9,34.3,10.4,4.9,39.2,690.2,12.59,2.32,87.6,Nova-I,Coastal,failure
2028-03-01,12179.6,5.6,4.5,10.0,57.5,745.5,11.61,5.03,95.5,Nova-I,Inland,success
2028-03-06,815.8,13.8,8.6,0.0,54.3,746.2,9.52,7.35,88.6,Vega-M,Inland,failure
2028-03-11,2089.7,29.0,9.7,2.3,78.1,731.1,9.97,8.0,94.9,Nova-I,Inland,success
2028-03-16,1280.8,16.4,6.4,5.9,60.6,674.1,8.83,4.06,87.9,Nova-I,Coastal,success
2028-03-21,5495.1,12.1,6.7,0.0,44.6,779.9,8.65,6.11,69.6,Vega-M,Island,success
2028-03-26,3315.4,30.1,2.6,0.0,62.8,824.6,10.49,8.29,82.2,Nova-I,Inland,success
2028-03-31,1705.6,31.2,22.9,0.0,96.7,721.6,9.42,7.46,91.8,Nova-I,Inland,failure
2028-04-05,2842.0,12.6,4.4,2.1,70.1,817.8,11.75,7.6,77.5,Aster-II,Coastal,success
2028-04-10,1912.7,20.5,4.9,1.2,54.9,766.8,11.35,5.23,85.1,Vega-M,Coastal,success
2028-04-15,8623.6,3.5,19.7,0.3,40.2,839.8,10.18,4.73,92.1,Aster-II,Inland,success
2028-04-20,3999.0,7.3,10.7,0.0,44.3,745.5,10.13,5.64,82.4,Aster-II,Coastal,success
2028-04-25,4368.9,19.5,12.2,6.1,68.9,727.4,11.62,3.43,85.0,Vega-M,Inland,success
2028-04-30,395.4,18.4,2.5,0.0,39.2,765.5,11.81,8.45,62.2,Nova-I,Coastal,success
2028-05-05,2570.6,6.4,8.6,0.0,56.1,696.6,9.64,2.38,99.2,Vega-M,Island,success
2028-05-10,12087.3,9.4,2.5,0.0,83.3,742.0,9.53,3.89,55.1,Vega-M,Inland,failure
2028-05-15,7008.0,5.2,3.9,2.4,58.9,791.9,10.15,4.87,82.3,Vega-M,Island,success
2028-05-20,713.4,23.5,25.0,0.9,35.5,764.3,10.75,6.21,45.6,Nova-I,Inland,failure
2028-05-25,2152.4,-5.6,3.4,0.0,97.4,718.3,9.98,6.79,89.6,Nova-I,Coastal,success
2028-05-30,1135.6,5.9,11.8,0.0,89.5,730.8,10.77,10.12,95.8,Aster-II,Island,success
2028-06-04,9246.4,-4.4,3.7,0.0,65.5,760.9,12.0,5.14,90.6,Aster-II,Inland,success
2028-06-09,3216.0,23.0,4.0,0.0,80.2,759.1,9.25,3.51,85.7,Aster-II,Island,success
2028-06-14,1551.8,-3.6,34.0,7.3,50.9,760.5,10.03,4.62,96.1,Vega-M,Coastal,success
2028-06-19,2764.4,18.4,7.1,0.0,69.8,738.3,9.26,4.25,92.5,Aster-II,Inland,success
2028-06-24,412.7,37.7,2.3,0.0,48.0,675.5,9.71,6.36,76.6,Nova-I,Island,success
2028-06-29,1235.0,38.1,12.1,0.0,30.2,684.1,10.16,2.97,99.5,Nova-I,Inland,success
2028-07-04,2769.0,-3.7,16.7,0.0,100.0,744.9,9.8,4.55,90.0,Nova-I,Coastal,success
2028-07-09,4958.6,21.6,12.9,3.0,29.3,764.9,10.83,10.79,80.9,Nova-I,Inland,success
2028-07-14,666.6,6.1,6.7,0.0,61.7,757.9,10.52,5.4,91.1,Nova-I,Inland,success
2028-07-19,2049.9,3.7,6.9,0.0,61.4,683.5,10.65,2.99,83.9,Vega-M,Island,success
2028-07-24,5580.2,16.6,5.1,12.9,65.8,711.8,10.15,4.21,80.5,Aster-II,Coastal,success
2028-07-29,948.6,32.7,3.0,0.0,54.3,656.6,10.22,1.7,98.4,Aster-II,Coastal,success
2028-08-03,3181.2,25.2,9.5,0.0,54.5,644.9,10.11,4.82,70.3,Nova-I,Island,success
2028-08-08,2828.5,9.4,6.5,0.0,58.6,724.4,10.2,10.92,84.7,Aster-II,Inland,success
2028-08-13,9268.3,26.5,2.5,1.4,65.1,793.3,10.74,2.8,98.4,Vega-M,Inland,success
2028-08-18,2285.4,-8.9,7.3,0.0,56.0,725.4,8.82,2.46,62.6,Vega-M,Inland,failure
2028-08-23,2383.8,9.0,4.5,0.0,54.7,823.0,10.64,3.62,76.9,Aster-II,Coastal,success
2028-08-28,4991.9,8.1,9.2,0.0,30.9,711.1,9.69,7.71,68.0,Vega-M,Inland,success
2028-09-02,1038.0,18.9,8.6,0.0,94.3,721.7,10.12,11.23,93.1,Aster-II,Coastal,success
2028-09-07,2300.7,15.6,5.8,0.0,66.2,666.5,9.12,6.14,77.6,Aster-II,Coastal,success
2028-09-12,1942.8,16.3,7.5,0.0,60.0,701.2,10.11,2.67,76.1,Vega-M,Inland,success
2028-09-17,2440.6,15.9,8.0,0.0,44.1,655.7,10.63,4.9,79.4,Nova-I,Inland,success
2028-09-22,4968.4,18.3,13.9,0.0,36.9,636.6,10.77,11.69,77.7,Nova-I,Island,success
2028-09-27,4019.8,24.5,7.3,0.0,72.3,656.7,9.43,4.27,68.5,Nova-I,Coastal,success
2028-10-02,1573.3,19.8,5.2,0.0,53.0,724.6,10.74,5.3,64.6,Aster-II,Coastal,success
2028-10-07,2976.3,14.6,6.3,0.0,67.8,680.2,11.33,5.56,74.1,Aster-II,Island,success
2028-10-12,7888.2,22.8,21.8,2.1,30.3,693.0,10.0,2.36,95.1,Aster-II,Coastal,success
2028-10-17,1482.4,27.9,3.8,0.0,85.4,742.1,10.4,8.0,75.5,Aster-II,Coastal,success
2028-10-22,2994.5,11.3,6.6,4.6,73.1,636.4,8.7,7.46,88.3,Nova-I,Coastal,success
2028-10-27,2347.1,17.3,6.5,1.8,54.5,724.4,9.66,1.9,73.2,Vega-M,Inland,success
2028-11-01,2577.7,31.9,6.7,7.6,64.9,765.8,10.62,2.62,90.7,Nova-I,Island,success
2028-11-06,833.7,4.8,1.7,0.0,70.1,770.5,11.18,3.11,73.6,Vega-M,Island,success
2028-11-11,7448.4,39.7,3.0,0.0,30.6,747.9,9.91,7.09,79.5,Nova-I,Inland,success
2028-11-16,1544.5,1.9,6.2,0.0,87.9,717.2,12.59,3.45,87.0,Aster-II,Coastal,success
2028-11-21,5646.4,13.9,5.0,0.0,65.2,686.3,10.66,6.01,81.8,Aster-II,Coastal,success
2028-11-26,1724.4,6.6,9.2,0.0,42.6,715.6,9.36,4.54,88.6,Vega-M,Inland,success
2028-12-01,1719.2,44.3,15.2,0.0,35.2,809.3,11.46,5.13,89.1,Nova-I,Coastal,success
2028-12-06,6460.4,12.0,9.7,0.0,74.8,734.7,9.37,6.28,59.4,Vega-M,Coastal,failure
2028-12-11,5517.0,12.0,8.2,7.5,60.0,714.2,10.67,5.64,81.2,Aster-II,Coastal,success
2028-12-16,3134.5,13.6,10.3,0.0,65.2,750.4,9.64,4.91,70.0,Aster-II,Coastal,success
2028-12-21,4665.9,19.1,8.7,2.6,56.5,722.7,9.29,5.8,82.2,Aster-II,Inland,success
2028-12-26,2191.3,14.1,7.5,8.3,36.9,732.2,11.19,5.5,73.7,Nova-I,Inland,success
2028-12-31,2681.1,16.4,13.6,0.0,65.7,706.7,10.19,4.48,84.0,Aster-II,Coastal,success
2029-01-05,1675.1,-22.0,6.1,0.0,52.2,697.6,11.82,4.03,97.4,Nova-I,Inland,success
2029-01-10,5171.5,18.7,2.9,0.0,55.6,773.8,9.57,12.21,71.6,Nova-I,Island,success
2029-01-15,1637.2,18.2,4.9,6.4,100.0,614.7,9.12,4.0,72.2,Aster-II,Inland,success
2029-01-20,7858.2,30.5,4.4,0.0,72.5,745.8,10.01,9.55,78.5,Aster-II,Island,success
2029-01-25,2148.7,33.7,25.6,0.0,73.6,694.3,12.77,3.56,79.9,Nova-I,Coastal,success
2029-01-30,2737.4,15.7,15.8,0.0,100.0,617.1,11.08,7.31,88.9,Nova-I,Island,success
2029-02-04,4657.7,27.8,8.3,0.0,63.3,667.4,10.85,11.66,74.0,Nova-I,Coastal,success
2029-02-09,2744.0,4.8,4.5,2.7,58.3,718.1,10.88,4.21,89.6,Nova-I,Coastal,success
2029-02-14,2176.6,27.2,13.5,9.2,43.1,725.5,10.0,3.6,91.1,Aster-II,Coastal,success
2029-02-19,2639.6,11.1,8.0,0.0,47.4,760.0,12.64,4.03,83.2,Nova-I,Inland,failure
2029-02-24,5133.5,3.8,6.1,0.0,17.1,763.6,10.78,4.91,91.5,Vega-M,Coastal,success
2029-03-01,1673.6,15.8,8.1,0.0,71.0,636.5,10.7,5.78,90.8,Nova-I,Coastal,success
2029-03-06,2462.9,34.8,6.2,0.0,31.9,740.4,11.21,4.86,96.9,Nova-I,Island,success
2029-03-11,2717.3,20.2,10.2,0.0,73.2,759.3,9.36,4.05,76.8,Vega-M,Coastal,success
2029-03-16,5026.6,36.0,2.7,0.0,55.2,731.8,9.68,12.66,70.6,Nova-I,Coastal,success
2029-03-21,2510.2,9.0,10.2,14.4,58.4,747.1,10.2,4.5,80.7,Aster-II,Coastal,success
2029-03-26,9916.7,30.6,6.2,4.7,55.2,615.6,11.21,3.68,80.8,Vega-M,Coastal,success
2029-03-31,2409.8,10.2,13.7,0.0,82.3,666.5,9.34,7.38,86.5,Vega-M,Coastal,success
2029-04-05,2273.0,20.7,16.1,0.0,79.0,793.8,10.34,7.44,77.7,Aster-II,Coastal,success
2029-04-10,2384.8,20.6,18.3,0.0,55.5,704.9,10.23,9.76,76.2,Nova-I,Coastal,success
2029-04-15,1045.3,25.9,26.8,4.0,38.9,840.0,9.11,12.5,88.2,Aster-II,Island,failure
2029-04-20,1278.6,21.0,17.9,1.7,73.6,651.0,9.98,5.85,85.7,Vega-M,Island,success
2029-04-25,1840.7,9.1,13.4,0.0,37.5,804.4,10.84,4.31,65.9,Vega-M,Inland,success
2029-04-30,6110.7,28.6,3.0,0.0,26.5,687.0,9.18,1.99,95.3,Nova-I,Inland,success
2029-05-05,2633.7,38.8,0.8,0.0,65.5,766.6,11.56,3.16,61.4,Nova-I,Island,success
2029-05-10,1902.8,11.0,14.6,0.0,79.2,704.0,10.78,5.47,76.3,Nova-I,Island,success
2029-05-15,6523.1,-4.0,3.9,0.0,48.3,726.2,10.68,2.81,94.2,Nova-I,Inland,success
2029-05-20,8240.8,24.0,34.0,0.0,63.7,752.2,10.41,2.31,92.1,Aster-II,Island,success
2029-05-25,6660.0,14.0,2.1,0.0,48.1,686.9,9.5,5.11,83.5,Nova-I,Island,success
2029-05-30,1459.4,16.4,13.1,0.0,69.7,763.3,9.87,7.19,67.4,Nova-I,Island,success
2029-06-04,1888.3,24.7,8.7,0.0,76.8,705.6,10.7,4.4,74.1,Nova-I,Inland,success
2029-06-09,9955.6,12.5,2.3,0.0,51.0,729.6,9.87,7.62,89.9,Aster-II,Coastal,success
2029-06-14,3208.7,14.8,8.7,0.0,36.5,577.2,10.55,6.66,82.0,Nova-I,Coastal,success
2029-06-19,2224.5,16.8,4.3,0.0,28.3,701.8,9.66,8.6,97.4,Aster-II,Inland,success
2029-06-24,4524.3,35.6,7.2,3.3,73.6,788.2,10.77,14.06,75.2,Nova-I,Inland,success
2029-06-29,5570.6,18.4,7.2,0.0,34.4,757.5,10.83,17.37,71.6,Vega-M,Coastal,failure
2029-07-04,1787.5,3.2,4.4,0.0,63.1,767.9,9.07,7.04,83.0,Nova-I,Inland,success
2029-07-09,3159.0,3.6,5.8,0.0,70.8,722.9,10.46,3.97,85.3,Aster-II,Inland,success
2029-07-14,5256.0,19.7,4.1,0.0,46.5,810.5,9.15,5.1,93.2,Nova-I,Island,success
2029-07-19,1169.8,4.4,1.6,0.0,52.8,735.6,8.87,10.54,78.8,Nova-I,Coastal,success
2029-07-24,2721.4,-0.7,8.2,0.0,75.0,684.4,9.91,3.23,83.9,Nova-I,Coastal,success
2029-07-29,1209.1,25.6,17.8,0.0,40.6,766.2,12.69,9.92,89.8,Nova-I,Island,failure
2029-08-03,1328.5,26.2,4.2,0.0,38.7,769.8,11.04,4.57,85.3,Nova-I,Island,success
2029-08-08,1798.2,13.6,23.6,0.0,51.5,754.0,11.54,5.52,86.8,Aster-II,Island,success
2029-08-13,3802.9,21.5,26.7,0.0,80.3,698.2,10.9,3.36,74.3,Aster-II,Island,success
2029-08-18,2139.1,20.3,5.5,0.0,86.6,735.2,10.57,2.62,79.7,Nova-I,Island,success
2029-08-23,1691.1,25.2,6.5,0.0,54.1,795.2,11.13,4.33,89.0,Aster-II,Coastal,success
2029-08-28,2799.3,25.3,5.6,0.0,42.5,745.8,9.88,9.26,80.3,Aster-II,Coastal,success
2029-09-02,1181.1,-13.3,3.1,0.0,76.2,640.2,10.79,3.54,94.5,Nova-I,Coastal,success
2029-09-07,3672.9,15.1,6.5,0.0,24.3,686.0,11.37,10.74,75.2,Nova-I,Inland,success
2029-09-12,6091.2,24.2,6.0,0.0,60.7,683.5,10.97,3.76,86.7,Nova-I,Island,success
2029-09-17,2547.8,13.1,8.1,2.7,55.2,679.3,11.42,2.97,88.6,Nova-I,Coastal,success
2029-09-22,2331.1,18.4,8.4,0.0,80.6,606.0,10.55,5.59,77.1,Aster-II,Inland,success
2029-09-27,3529.4,27.0,2.9,0.0,82.5,822.1,11.79,6.86,95.8,Vega-M,Coastal,success
2029-10-02,626.1,19.0,11.4,12.4,38.1,672.7,10.23,5.42,77.7,Vega-M,Coastal,success
2029-10-07,3969.9,36.1,6.4,4.6,59.2,676.6,12.14,5.33,85.9,Vega-M,Coastal,success
2029-10-12,24000.0,31.5,3.4,0.0,45.2,615.1,10.87,10.69,75.8,Aster-II,Coastal,success
2029-10-17,2469.3,16.6,6.3,5.9,50.4,766.8,10.09,5.18,88.6,Nova-I,Island,success
2029-10-22,2475.6,15.6,8.6,0.0,67.7,715.1,9.43,3.95,94.0,Nova-I,Coastal,success
2029-10-27,4607.3,-16.2,20.0,5.4,49.6,701.1,9.74,2.88,79.7,Nova-I,Island,success
2029-11-01,8818.8,14.1,18.0,0.0,59.7,703.9,9.61,9.13,91.5,Nova-I,Inland,success
2029-11-06,5442.4,1.8,5.1,0.0,74.2,751.7,10.33,4.04,85.8,Nova-I,Coastal,success
2029-11-11,571.3,20.7,6.8,3.3,84.8,694.1,9.36,4.23,84.4,Aster-II,Coastal,success
2029-11-16,4046.7,19.8,4.0,0.0,61.5,612.6,11.46,8.21,85.0,Nova-I,Island,success
2029-11-21,17185.0,26.4,9.6,4.6,58.2,650.3,10.49,13.28,94.6,Nova-I,Coastal,success
2029-11-26,4222.4,34.8,5.3,0.0,35.0,647.5,10.46,5.59,96.3,Aster-II,Island,success
2029-12-01,1174.6,17.7,6.6,0.0,86.1,734.9,9.44,4.64,92.7,Nova-I,Coastal,success
2029-12-06,3304.1,45.4,15.0,12.3,65.4,770.2,9.77,4.94,86.8,Vega-M,Inland,success
2029-12-11,1072.7,20.8,2.9,0.0,58.6,799.2,8.58,3.98,89.0,Nova-I,Island,success
2029-12-16,6552.6,2.3,18.0,1.5,57.6,631.7,11.73,4.18,79.8,Aster-II,Coastal,success
2029-12-21,1355.3,11.3,10.2,2.2,62.9,753.5,9.24,4.19,96.1,Nova-I,Coastal,success
2029-12-26,2845.4,13.5,17.5,0.0,70.7,686.8,9.3,7.67,76.5,Aster-II,Island,success
2029-12-31,1454.5,25.1,12.6,0.0,73.0,877.9,11.56,4.75,96.3,Nova-I,Coastal,success
2030-01-05,1819.9,6.6,14.1,0.0,86.6,794.7,10.72,9.51,87.6,Nova-I,Coastal,success
2030-01-10,7863.8,14.4,7.8,0.0,60.6,811.9,10.5,4.68,66.3,Aster-II,Coastal,success
2030-01-15,2905.9,16.1,3.3,0.0,89.3,763.3,10.68,4.15,89.9,Nova-I,Coastal,success
2030-01-20,1803.3,12.6,4.8,0.0,76.1,740.6,11.18,9.15,81.9,Nova-I,Island,success
2030-01-25,1182.6,27.7,4.1,2.4,54.9,698.3,10.48,5.0,84.7,Vega-M,Island,success
2030-01-30,700.9,25.7,1.2,0.0,24.3,687.6,9.13,4.66,87.8,Nova-I,Coastal,success
2030-02-04,1095.6,32.0,14.9,0.0,57.6,676.8,11.0,5.03,96.4,Aster-II,Island,success
2030-02-09,2923.7,14.0,7.2,0.0,85.6,753.3,10.75,10.01,94.7,Aster-II,Coastal,success
2030-02-14,5463.1,32.4,3.9,0.0,41.3,804.3,11.36,5.74,85.9,Nova-I,Coastal,success
2030-02-19,1801.8,1.6,26.1,0.0,57.6,700.7,9.38,9.02,97.2,Aster-II,Inland,success
2030-02-24,8356.5,1.3,33.3,0.0,59.1,681.0,9.8,4.43,54.1,Nova-I,Island,failure
2030-03-01,1609.1,3.4,2.6,0.0,73.9,639.9,10.72,8.36,75.8,Aster-II,Coastal,success
2030-03-06,2272.5,18.1,6.5,0.0,48.6,733.2,9.63,5.55,64.8,Nova-I,Coastal,success
2030-03-11,1239.8,32.4,6.2,6.9,39.5,786.4,8.47,7.57,86.0,Nova-I,Inland,success
2030-03-16,5504.6,10.8,3.6,2.2,66.8,789.1,10.56,7.88,92.4,Nova-I,Island,success
2030-03-21,12212.4,12.3,14.7,0.0,41.9,794.4,11.13,3.15,85.2,Vega-M,Coastal,success
2030-03-26,758.6,15.4,1.2,4.3,21.1,742.4,10.29,5.13,78.9,Vega-M,Coastal,success
2030-03-31,2102.2,24.9,21.9,3.8,91.0,724.9,10.85,7.84,66.8,Vega-M,Inland,success
2030-04-05,6705.2,12.3,8.0,0.0,73.6,789.2,10.73,8.46,85.8,Aster-II,Coastal,success
2030-04-10,951.7,11.6,24.7,5.0,91.8,660.1,10.41,9.04,77.6,Aster-II,Coastal,success
2030-04-15,4056.2,1.9,7.6,0.0,72.6,696.2,10.51,5.21,74.6,Aster-II,Coastal,success
2030-04-20,6499.4,11.1,6.2,0.0,68.9,812.4,11.51,10.37,66.6,Vega-M,Coastal,failure
2030-04-25,2853.6,32.1,15.5,0.0,63.0,662.0,9.61,3.61,90.8,Aster-II,Inland,success
2030-04-30,4008.6,19.1,24.6,1.2,52.5,718.1,11.03,2.42,93.8,Nova-I,Island,success
2030-05-05,9584.0,9.1,22.1,1.6,65.7,754.1,9.43,4.34,75.9,Aster-II,Inland,success
2030-05-10,10969.4,32.8,1.8,3.6,45.5,724.5,9.75,8.79,91.4,Aster-II,Inland,success
2030-05-15,2579.6,11.0,18.5,1.4,35.7,782.1,11.38,2.94,84.2,Nova-I,Island,success
2030-05-20,1838.5,35.0,5.9,0.0,49.7,802.4,9.41,2.45,79.9,Nova-I,Coastal,success
2030-05-25,1390.8,34.8,7.0,0.0,80.5,745.9,10.2,2.17,64.9,Nova-I,Coastal,success
2030-05-30,5450.2,18.7,5.8,0.0,32.6,795.1,12.34,7.05,75.9,Vega-M,Island,success
2030-06-04,1004.6,0.0,4.8,0.0,32.9,669.9,11.24,2.47,86.6,Nova-I,Coastal,success
2030-06-09,2248.8,45.5,6.5,0.0,67.2,711.5,9.8,6.45,88.1,Vega-M,Inland,success
2030-06-14,2904.3,22.6,3.5,4.3,48.1,849.9,9.94,4.23,72.4,Aster-II,Island,failure
2030-06-19,1877.8,14.1,18.6,0.0,65.2,824.9,10.26,3.42,84.3,Aster-II,Coastal,success
2030-06-24,3299.3,29.5,12.4,0.0,74.8,651.0,11.48,3.07,75.1,Nova-I,Inland,success
2030-06-29,17093.4,26.4,9.1,3.3,64.8,719.3,9.58,5.47,55.6,Vega-M,Coastal,success
2030-07-04,2471.2,33.7,5.8,3.6,44.0,727.3,9.53,3.45,98.9,Aster-II,Coastal,success
2030-07-09,1971.4,10.1,5.1,0.0,80.4,742.5,10.98,4.94,87.5,Nova-I,Inland,success
2030-07-14,5602.9,21.8,10.5,0.0,70.1,788.8,9.02,6.01,77.5,Nova-I,Coastal,success
2030-07-19,3205.1,3.8,9.3,0.0,56.5,819.3,9.65,6.65,88.9,Nova-I,Island,success
2030-07-24,7603.2,26.0,16.2,0.0,55.6,722.0,10.33,7.76,93.3,Nova-I,Island,success
2030-07-29,3036.8,17.7,5.2,0.0,63.1,780.6,10.37,5.36,76.8,Aster-II,Island,success
2030-08-03,2255.5,21.4,4.8,0.0,50.1,755.0,9.28,2.99,82.6,Vega-M,Coastal,success
2030-08-08,746.7,16.2,12.1,0.0,25.0,718.9,10.69,6.19,75.4,Aster-II,Coastal,success
2030-08-13,840.3,15.0,13.8,0.0,70.3,628.3,10.85,6.79,58.5,Aster-II,Coastal,success
2030-08-18,719.3,7.6,31.7,0.0,69.1,775.0,9.86,4.54,91.4,Aster-II,Coastal,failure
2030-08-23,3544.4,27.5,1.7,0.0,12.3,752.7,11.76,4.31,89.9,Vega-M,Island,success
2030-08-28,1011.5,35.9,19.2,0.0,65.7,741.0,10.68,16.25,86.2,Vega-M,Coastal,success
2030-09-02,6660.9,11.3,8.6,0.0,89.4,667.0,9.58,2.66,86.4,Nova-I,Coastal,success
2030-09-07,2756.7,24.6,5.4,0.0,34.6,825.8,11.73,6.28,53.8,Vega-M,Island,success
2030-09-12,2262.4,23.2,10.6,0.0,54.6,728.2,9.97,8.18,89.7,Nova-I,Coastal,success
2030-09-17,1469.1,18.1,10.4,0.0,52.5,658.4,10.55,4.2,93.3,Vega-M,Coastal,success
2030-09-22,4221.8,-0.3,5.5,6.9,87.5,649.7,10.0,4.57,80.8,Vega-M,Coastal,success
2030-09-27,1511.4,2.4,1.8,0.0,77.3,756.6,10.91,4.08,91.1,Aster-II,Inland,success
2030-10-02,1326.8,8.6,19.3,0.0,39.3,758.2,10.01,4.95,95.6,Nova-I,Island,success
2030-10-07,6346.2,-7.7,4.5,0.0,62.5,695.0,10.05,7.63,69.6,Aster-II,Coastal,success
2030-10-12,3481.9,34.9,3.9,0.0,99.8,745.0,10.27,4.5,95.6,Nova-I,Island,success
2030-10-17,2277.5,22.4,4.8,0.0,44.1,756.1,9.99,18.0,87.2,Vega-M,Island,success
2030-10-22,4280.5,17.6,13.4,0.0,55.8,727.6,11.28,3.99,75.1,Nova-I,Island,success
2030-10-27,2714.7,-8.3,6.0,5.0,65.8,682.1,9.37,9.59,95.6,Aster-II,Coastal,success
2030-11-01,3553.8,-3.9,4.9,0.0,44.4,771.9,10.37,6.43,78.6,Vega-M,Coastal,success
2030-11-06,1498.0,18.0,10.1,0.0,89.5,765.2,10.47,5.22,87.3,Nova-I,Island,success
2030-11-11,11976.3,41.6,9.2,0.0,47.0,750.7,10.3,10.03,84.8,Nova-I,Coastal,success
2030-11-16,1777.0,9.6,5.0,3.1,29.6,675.0,11.19,2.3,69.3,Aster-II,Inland,failure
2030-11-21,8269.5,28.4,1.8,2.6,46.0,648.1,9.17,6.07,74.1,Nova-I,Island,success
2030-11-26,2354.3,12.2,13.2,0.0,68.4,724.1,10.87,3.51,82.6,Nova-I,Coastal,success
2030-12-01,4822.8,18.7,9.3,1.0,40.8,770.2,9.38,4.02,78.4,Nova-I,Island,failure
2030-12-06,4576.3,32.6,1.3,5.9,61.7,776.2,9.98,3.93,74.4,Nova-I,Island,success
2030-12-11,6159.4,13.8,21.1,3.0,66.7,751.6,9.29,3.12,86.0,Aster-II,Inland,failure
2030-12-16,1472.6,9.7,1.2,0.0,33.0,695.7,10.13,2.24,94.0,Aster-II,Coastal,success
2030-12-21,5851.5,35.0,4.2,1.1,45.3,676.6,9.93,5.97,87.0,Nova-I,Island,success
2030-12-26,10192.8,18.5,4.4,0.0,62.6,719.1,11.74,4.8,84.9,Aster-II,Inland,success
2030-12-31,2238.9,31.1,5.0,0.0,69.3,719.6,10.6,4.29,76.0,Nova-I,Inland,success
2031-01-05,2765.5,9.8,4.9,0.0,45.8,779.8,10.76,7.13,88.1,Nova-I,Island,success
2031-01-10,1850.3,34.9,2.8,0.0,58.9,694.1,9.49,6.15,87.0,Aster-II,Inland,success
2031-01-15,2101.8,21.3,8.7,7.6,50.6,698.6,11.01,4.36,91.1,Nova-I,Coastal,success
2031-01-20,9248.6,23.2,14.7,0.0,69.8,831.0,11.74,18.0,87.2,Aster-II,Coastal,success
2031-01-25,1308.9,19.6,8.6,0.0,65.9,803.8,11.11,8.07,81.7,Vega-M,Coastal,success
2031-01-30,1368.8,11.9,9.6,0.0,48.9,672.3,9.32,16.01,82.3,Aster-II,Inland,failure
2031-02-04,8602.8,18.0,6.1,0.0,65.1,799.3,10.02,4.06,87.2,Aster-II,Inland,success
2031-02-09,4228.8,12.7,8.4,0.0,48.2,659.4,10.49,5.58,92.0,Nova-I,Inland,success
2031-02-14,12415.1,29.5,10.1,0.0,64.7,696.6,9.93,2.73,96.6,Nova-I,Coastal,success
2031-02-19,1950.2,15.6,12.4,0.0,65.0,702.7,12.48,4.23,84.5,Nova-I,Island,success
2031-02-24,2954.0,0.0,4.6,0.0,100.0,715.8,10.0,3.74,94.1,Aster-II,Island,success
2031-03-01,1676.2,-2.2,4.1,0.0,49.6,753.5,10.36,18.0,75.8,Vega-M,Coastal,failure
2031-03-06,2990.4,-2.7,0.9,0.0,53.3,725.7,9.91,3.55,97.9,Nova-I,Inland,success
2031-03-11,751.9,25.4,25.0,0.0,43.7,753.2,10.59,4.43,88.7,Nova-I,Inland,success
2031-03-16,4416.8,4.2,24.0,3.4,36.4,698.3,11.53,2.47,88.7,Nova-I,Inland,success
2031-03-21,3404.7,21.6,7.4,9.0,47.3,740.2,10.49,6.4,75.3,Aster-II,Coastal,success
2031-03-26,2587.8,19.6,7.7,0.0,68.6,724.3,10.22,3.22,83.3,Aster-II,Island,success
2031-03-31,2036.4,17.2,20.1,0.0,70.0,645.0,9.52,7.7,94.7,Aster-II,Island,success
2031-04-05,1416.3,23.3,2.9,0.0,61.6,746.1,11.39,2.1,80.4,Vega-M,Inland,success
2031-04-10,4554.9,19.9,3.8,3.9,50.4,725.2,10.28,4.67,57.7,Nova-I,Island,failure
2031-04-15,1160.7,-14.5,20.9,0.0,46.6,681.4,10.25,2.04,92.6,Aster-II,Island,success
2031-04-20,3899.3,14.1,6.1,0.0,38.6,697.1,8.48,3.91,73.5,Aster-II,Coastal,success
2031-04-25,12011.3,23.1,3.4,0.0,45.4,698.4,10.3,4.32,94.5,Nova-I,Inland,success
2031-04-30,7860.3,37.7,10.6,0.0,31.4,706.8,10.07,3.72,89.7,Vega-M,Inland,success
2031-05-05,912.6,38.2,4.6,0.0,81.8,815.0,8.9,3.9,98.3,Nova-I,Island,failure
2031-05-10,1832.7,1.6,18.6,0.0,90.9,832.9,11.21,7.89,89.2,Aster-II,Coastal,failure
2031-05-15,3653.5,13.8,8.3,0.0,19.2,572.8,9.96,14.07,73.2,Aster-II,Coastal,success
2031-05-20,2564.2,-0.8,4.8,0.0,61.5,746.4,11.95,5.83,77.5,Vega-M,Island,success
2031-05-25,984.8,36.2,5.0,0.0,61.2,771.6,11.56,3.28,92.8,Aster-II,Coastal,success
2031-05-30,3559.7,30.2,10.2,5.3,60.0,708.3,9.81,5.11,90.2,Nova-I,Island,success
2031-06-04,2677.9,22.2,6.6,1.3,44.7,770.1,11.52,4.18,82.8,Vega-M,Coastal,success
2031-06-09,10703.4,20.0,6.0,0.0,75.4,809.3,11.72,7.59,89.9,Aster-II,Island,success
2031-06-14,2247.7,34.6,12.8,0.0,63.8,645.9,9.94,5.69,60.8,Aster-II,Island,failure
2031-06-19,6253.9,32.5,20.3,0.0,75.6,727.2,9.55,2.32,91.6,Aster-II,Coastal,success
2031-06-24,1083.2,31.9,11.6,0.0,42.0,825.7,8.63,8.39,97.5,Nova-I,Island,success
2031-06-29,1286.7,23.5,4.3,5.0,29.7,653.2,10.71,7.88,93.6,Aster-II,Coastal,success
2031-07-04,4535.1,13.8,3.2,0.0,64.3,713.8,9.6,10.15,93.0,Vega-M,Inland,success
2031-07-09,5885.7,27.2,12.3,0.0,37.7,695.8,10.74,3.87,96.0,Nova-I,Inland,success
2031-07-14,1353.8,27.8,11.6,1.9,76.0,776.8,9.93,5.72,93.5,Aster-II,Island,success
2031-07-19,2744.4,15.7,5.7,0.0,15.6,784.3,9.76,2.8,73.8,Vega-M,Coastal,success
2031-07-24,997.5,13.8,6.7,0.0,47.1,728.8,9.94,4.83,89.7,Vega-M,Coastal,success
2031-07-29,2367.3,31.6,4.5,4.9,44.3,721.7,9.33,5.99,62.7,Vega-M,Inland,success
2031-08-03,4927.5,38.0,3.3,0.0,49.7,627.2,9.94,3.65,85.8,Nova-I,Inland,success
2031-08-08,1972.1,9.0,4.8,0.0,61.0,796.8,9.8,5.84,60.7,Vega-M,Inland,failure
2031-08-13,2254.5,14.8,0.6,11.2,63.5,700.9,10.39,5.37,91.4,Nova-I,Coastal,success
2031-08-18,1195.8,22.2,16.4,0.0,68.2,712.3,10.49,3.99,99.7,Aster-II,Coastal,success
2031-08-23,1691.2,23.8,2.4,0.0,70.3,772.5,9.52,9.69,90.0,Aster-II,Island,success
2031-08-28,9564.8,11.7,7.5,0.0,52.7,730.7,11.3,4.43,92.2,Vega-M,Coastal,success
2031-09-02,2842.7,40.6,1.0,0.0,96.1,774.2,10.27,5.28,97.1,Vega-M,Coastal,success
2031-09-07,1310.7,23.1,11.3,0.0,82.4,752.6,11.63,2.45,90.8,Aster-II,Island,success
2031-09-12,2150.3,24.4,13.7,0.0,50.1,731.0,10.6,6.35,66.7,Aster-II,Coastal,success
2031-09-17,853.9,39.1,8.0,0.0,53.4,736.8,10.46,3.94,72.0,Aster-II,Inland,success
2031-09-22,1299.6,12.6,7.2,0.0,49.7,659.4,10.0,7.84,89.0,Aster-II,Coastal,success
2031-09-27,7182.8,16.9,4.5,0.0,62.9,712.0,10.9,2.64,60.8,Aster-II,Island,success
2031-10-02,2434.3,3.0,16.2,5.3,37.5,778.5,10.43,6.09,85.4,Nova-I,Inland,success
2031-10-07,10523.1,15.9,2.0,0.0,41.0,671.5,11.1,1.74,87.8,Aster-II,Island,success
2031-10-12,2518.3,0.1,5.4,0.0,14.8,681.4,11.72,6.66,64.5,Vega-M,Coastal,success
2031-10-17,2628.3,27.0,4.1,6.7,48.4,672.5,9.8,4.55,95.5,Aster-II,Inland,success
2031-10-22,4278.9,23.0,4.0,0.0,76.2,728.3,10.9,6.0,73.6,Vega-M,Island,success
2031-10-27,393.8,14.7,15.9,0.0,53.1,795.7,10.88,3.71,84.9,Nova-I,Coastal,success
2031-11-01,3126.1,16.8,6.9,0.0,54.2,749.5,10.78,3.14,90.3,Aster-II,Coastal,success
2031-11-06,2603.8,27.1,4.5,0.0,61.3,602.4,10.04,4.02,66.4,Nova-I,Coastal,success
2031-11-11,7863.2,4.4,9.5,12.4,37.0,755.0,10.06,5.43,80.4,Nova-I,Island,success
2031-11-16,5402.2,20.5,9.0,0.0,56.5,696.1,9.92,6.53,81.0,Aster-II,Inland,success
2031-11-21,1192.4,26.4,13.5,8.8,72.9,747.5,9.9,5.73,79.3,Nova-I,Inland,success
2031-11-26,6596.8,-3.4,10.2,0.0,61.8,711.9,9.71,3.16,85.9,Nova-I,Inland,success
2031-12-01,2233.1,26.2,7.1,0.0,74.6,673.5,10.31,11.97,91.8,Aster-II,Inland,success
2031-12-06,1406.4,-2.1,7.4,0.0,80.0,716.1,9.78,5.81,86.6,Aster-II,Inland,success
2031-12-11,3108.6,16.6,9.9,0.0,68.6,696.2,10.76,3.67,79.2,Nova-I,Coastal,success
2031-12-16,2330.9,4.0,3.6,0.0,42.4,736.6,10.45,6.07,76.2,Nova-I,Inland,success
2031-12-21,8165.7,35.2,8.8,0.0,49.5,672.2,10.54,5.6,85.0,Aster-II,Coastal,success
2031-12-26,3447.0,4.1,20.0,0.0,92.7,659.3,10.18,4.55,95.6,Aster-II,Island,success
2031-12-31,3127.8,-1.8,8.0,5.8,62.0,759.5,10.46,4.3,88.9,Aster-II,Island,success
2032-01-05,5158.8,19.6,5.8,5.1,59.4,779.9,10.2,7.95,94.0,Aster-II,Coastal,failure
2032-01-10,5924.6,13.0,5.7,0.0,39.7,751.3,11.04,11.35,89.0,Nova-I,Inland,success
2032-01-15,4741.9,-0.1,9.6,8.8,54.3,685.0,10.04,1.86,82.6,Vega-M,Coastal,success
2032-01-20,7495.2,24.3,8.5,0.0,69.6,680.0,10.71,8.94,91.7,Nova-I,Island,success
2032-01-25,4180.8,-5.9,11.7,0.0,56.3,683.1,9.33,5.0,89.8,Aster-II,Island,success
2032-01-30,3043.3,5.6,4.7,0.0,46.1,768.1,10.98,5.55,88.3,Nova-I,Island,success
2032-02-04,6582.7,11.1,6.6,0.0,50.5,675.4,9.94,9.48,86.8,Aster-II,Coastal,success
2032-02-09,2526.4,27.6,13.0,0.0,78.6,767.7,9.65,1.38,95.1,Nova-I,Coastal,success
2032-02-14,2762.6,33.5,13.7,0.0,68.7,754.4,9.47,7.32,93.9,Vega-M,Coastal,success
2032-02-19,9316.4,31.2,13.8,1.5,66.1,786.8,9.4,9.17,68.5,Nova-I,Coastal,success
2032-02-24,8671.4,16.2,12.1,0.0,64.4,777.4,10.01,3.56,94.3,Aster-II,Coastal,success
2032-02-29,2681.5,-11.1,12.4,0.9,33.5,749.3,11.63,2.54,89.7,Nova-I,Coastal,success
2032-03-05,1945.8,22.7,8.8,0.0,61.2,640.7,9.87,10.88,97.7,Nova-I,Island,success
2032-03-10,7734.8,35.6,2.4,0.0,76.3,752.9,8.59,2.13,95.1,Nova-I,Coastal,success
2032-03-15,4799.7,32.8,2.6,0.0,51.0,726.2,10.7,6.06,73.5,Aster-II,Coastal,success
2032-03-20,3385.4,23.6,7.9,0.0,74.6,699.8,9.49,8.09,90.2,Aster-II,Island,success
2032-03-25,2139.3,3.7,8.1,0.0,66.4,793.6,11.07,5.99,70.1,Vega-M,Inland,failure
2032-03-30,3424.9,11.7,3.9,2.0,71.7,711.8,10.05,6.49,69.3,Aster-II,Island,success
2032-04-04,2655.5,41.2,4.1,0.0,57.0,691.4,10.18,4.36,80.3,Vega-M,Inland,success
2032-04-09,1671.8,1.0,7.1,0.0,72.8,780.7,11.38,6.18,93.0,Nova-I,Island,success
2032-04-14,2959.9,4.2,27.4,0.0,28.2,698.1,10.91,3.53,72.8,Vega-M,Inland,success
2032-04-19,3265.3,29.3,3.4,0.0,56.6,688.7,9.38,3.75,95.7,Aster-II,Inland,success
2032-04-24,2058.5,12.8,5.6,7.9,69.5,659.1,9.5,5.04,65.0,Aster-II,Inland,success
2032-04-29,5170.7,3.8,13.5,0.0,61.6,675.7,8.94,2.37,59.9,Vega-M,Coastal,success
2032-05-04,6822.4,36.3,11.9,0.0,76.8,680.3,12.53,6.53,84.8,Aster-II,Coastal,success
2032-05-09,5422.6,23.5,9.3,0.0,53.0,753.5,9.69,1.51,81.0,Vega-M,Inland,success
2032-05-14,2210.8,13.4,1.5,0.0,45.6,665.0,11.36,5.9,94.3,Aster-II,Coastal,success
2032-05-19,4648.0,4.3,6.3,0.0,24.9,619.7,9.96,6.17,77.2,Nova-I,Island,success
2032-05-24,2853.0,42.6,22.8,0.0,50.8,736.4,9.51,3.38,94.4,Aster-II,Coastal,failure
2032-05-29,1107.9,17.7,4.0,2.4,65.8,685.8,10.42,2.74,40.0,Aster-II,Coastal,success
2032-06-03,4378.1,34.8,3.9,0.0,70.5,719.1,10.13,4.07,86.4,Vega-M,Coastal,success
2032-06-08,2996.5,28.7,19.4,0.0,29.4,789.3,11.06,6.73,82.4,Vega-M,Island,success
2032-06-13,17454.5,11.7,7.0,0.0,78.3,723.9,11.07,5.85,94.1,Nova-I,Coastal,success
2032-06-18,7702.0,11.8,1.6,0.0,37.5,801.5,9.92,2.91,81.9,Nova-I,Inland,success
2032-06-23,4500.9,35.4,3.0,0.0,53.7,716.3,9.22,5.21,85.9,Nova-I,Island,success
2032-06-28,3227.3,35.6,4.8,0.0,45.2,774.4,9.42,5.62,93.5,Aster-II,Coastal,success
2032-07-03,3034.7,-4.5,9.0,0.0,63.9,690.4,8.53,5.5,60.1,Nova-I,Island,success
2032-07-08,1309.4,24.6,6.5,0.0,57.8,725.8,10.17,3.08,79.8,Aster-II,Coastal,success
2032-07-13,771.2,16.5,3.7,0.0,68.9,669.6,10.39,5.34,94.9,Aster-II,Coastal,failure
2032-07-18,1439.1,5.6,6.6,0.0,91.0,676.0,9.46,7.69,71.0,Vega-M,Inland,success
2032-07-23,2606.2,21.1,4.0,0.0,63.6,707.9,9.36,6.41,96.8,Nova-I,Island,success
2032-07-28,592.3,1.8,23.6,5.3,45.0,648.3,10.39,6.03,89.9,Aster-II,Coastal,success
2032-08-02,1822.7,12.4,2.9,2.8,64.8,728.6,9.88,10.9,86.3,Nova-I,Inland,success
2032-08-07,2256.8,8.4,5.3,0.0,93.0,703.7,10.23,5.37,87.8,Vega-M,Coastal,success
2032-08-12,2309.7,12.0,4.7,0.0,68.5,732.7,10.1,3.31,92.0,Nova-I,Inland,success
2032-08-17,1675.0,17.1,4.8,0.0,74.0,649.1,10.6,3.31,78.8,Nova-I,Inland,success
2032-08-22,2109.3,5.8,3.2,3.3,25.7,757.9,9.94,5.39,82.9,Nova-I,Inland,success
2032-08-27,9332.0,36.9,18.5,0.0,63.4,811.7,10.0,2.48,72.9,Vega-M,Inland,failure
2032-09-01,4344.8,23.9,28.7,0.0,50.9,800.3,8.86,4.27,86.9,Nova-I,Coastal,success
2032-09-06,1801.9,39.5,9.8,0.0,43.1,822.8,10.36,6.19,90.7,Aster-II,Inland,success
2032-09-11,2567.8,16.1,9.2,6.8,55.6,722.3,10.47,8.69,92.9,Aster-II,Inland,success
2032-09-16,2642.9,11.4,1.9,0.0,58.1,701.0,10.25,2.36,90.5,Aster-II,Inland,success
2032-09-21,1551.6,39.1,18.2,1.1,44.1,746.3,11.97,5.19,92.3,Nova-I,Coastal,success
2032-09-26,1550.3,11.1,4.0,0.0,59.6,707.1,10.53,4.79,88.8,Nova-I,Coastal,success
2032-10-01,5583.5,15.9,1.7,0.0,52.7,626.0,10.27,5.04,87.3,Aster-II,Coastal,success
2032-10-06,1993.7,26.6,11.0,0.0,69.3,764.2,10.81,5.3,85.0,Nova-I,Coastal,success
2032-10-11,1226.4,3.1,15.1,0.0,60.3,707.3,12.13,4.88,74.9,Aster-II,Coastal,success
2032-10-16,2614.8,26.5,18.1,0.0,63.1,640.8,10.61,9.66,77.4,Nova-I,Coastal,success
2032-10-21,2936.5,25.0,5.4,0.0,74.6,692.6,8.58,9.0,88.9,Aster-II,Inland,success
2032-10-26,651.7,33.2,4.9,1.6,66.5,708.6,10.75,13.86,96.5,Nova-I,Coastal,success
2032-10-31,2619.3,28.7,8.7,0.0,55.9,720.6,9.68,4.93,86.3,Aster-II,Island,success
2032-11-05,5038.9,33.6,6.5,0.0,16.3,721.3,8.82,4.07,78.3,Nova-I,Inland,success
2032-11-10,3732.7,16.7,11.1,0.0,65.8,793.9,11.79,3.11,90.4,Aster-II,Island,success
2032-11-15,13432.8,7.6,8.7,0.0,38.7,650.4,11.61,3.86,92.8,Nova-I,Inland,success
2032-11-20,6639.5,43.3,3.7,0.0,54.4,711.8,9.66,6.98,81.1,Vega-M,Inland,success
2032-11-25,7655.9,-0.3,18.5,1.7,63.0,672.5,9.66,7.51,84.9,Aster-II,Inland,success
2032-11-30,20253.1,0.9,11.2,3.1,81.3,787.8,10.53,6.85,47.8,Nova-I,Island,success
2032-12-05,4655.8,24.8,14.9,5.8,91.0,689.7,9.67,3.6,75.7,Nova-I,Inland,success
2032-12-10,3033.3,37.5,3.8,0.0,38.5,701.4,10.29,3.61,62.7,Nova-I,Inland,failure
2032-12-15,5437.6,20.3,11.0,0.0,31.0,776.7,9.82,12.67,73.2,Nova-I,Inland,success
2032-12-20,1803.3,30.0,13.1,1.0,62.2,791.5,10.07,3.32,91.3,Nova-I,Inland,success
2032-12-25,2914.7,-5.9,8.5,0.0,60.6,799.5,9.25,9.78,74.2,Vega-M,Coastal,failure
2032-12-30,1691.9,12.0,3.1,0.0,33.2,631.3,11.08,6.01,75.7,Aster-II,Inland,success
2033-01-04,3592.3,-4.5,7.9,0.0,55.7,746.1,11.39,3.48,92.6,Nova-I,Inland,success
2033-01-09,1686.9,27.4,12.3,7.6,67.4,734.6,10.32,2.81,84.7,Aster-II,Island,success
2033-01-14,1644.9,-0.6,15.6,0.0,32.6,717.2,10.37,3.56,86.6,Nova-I,Inland,success
2033-01-19,3632.6,2.7,2.1,6.3,37.1,723.6,10.92,6.05,63.5,Vega-M,Inland,success
2033-01-24,2442.7,24.2,8.4,0.0,43.8,789.4,10.4,3.2,67.6,Nova-I,Island,success
2033-01-29,673.3,30.7,2.5,0.0,52.0,776.1,11.82,10.44,95.9,Aster-II,Inland,success
2033-02-03,945.8,16.1,12.4,0.0,69.2,768.4,9.32,4.48,92.0,Aster-II,Coastal,success
2033-02-08,1180.8,24.8,14.6,3.6,49.8,731.2,11.11,6.93,92.1,Nova-I,Coastal,success
2033-02-13,1428.3,24.5,3.5,0.0,57.1,842.6,10.31,6.67,59.9,Nova-I,Coastal,success
2033-02-18,3635.1,15.4,3.0,0.3,98.7,698.4,9.48,10.79,70.1,Nova-I,Coastal,failure
2033-02-23,3157.8,4.9,4.7,0.0,37.8,632.7,12.24,4.01,83.3,Vega-M,Coastal,success
2033-02-28,5808.1,24.8,6.7,4.1,43.6,705.7,12.36,5.21,93.8,Aster-II,Island,failure
2033-03-05,4637.9,25.4,4.2,5.0,68.9,723.1,10.23,2.53,86.9,Aster-II,Inland,failure
2033-03-10,5835.8,28.7,13.1,0.0,74.8,790.4,10.76,5.2,53.6,Vega-M,Coastal,success
2033-03-15,4179.9,21.7,15.6,0.0,63.9,692.4,10.01,8.56,90.5,Vega-M,Inland,success
2033-03-20,3136.8,4.0,8.1,0.0,90.4,746.5,10.15,5.5,77.1,Aster-II,Coastal,success
2033-03-25,5952.3,26.3,4.3,4.8,62.0,640.2,9.47,15.03,92.9,Aster-II,Island,success
2033-03-30,5229.0,18.0,6.5,4.3,18.5,778.4,9.35,6.36,78.2,Aster-II,Coastal,success
2033-04-04,3536.1,12.2,8.1,0.0,57.8,723.7,11.91,3.82,99.6,Nova-I,Inland,success
2033-04-09,6735.7,14.5,6.3,0.0,45.2,704.8,10.37,6.16,89.9,Vega-M,Coastal,success
2033-04-14,498.2,9.7,7.1,7.6,82.3,835.1,10.44,2.45,78.5,Nova-I,Inland,success
2033-04-19,2188.3,28.7,14.8,2.8,74.3,777.8,9.74,3.38,88.7,Nova-I,Coastal,success
2033-04-24,2164.3,1.0,4.1,0.0,25.8,663.8,10.56,2.76,85.1,Vega-M,Island,success
2033-04-29,6185.3,6.1,24.9,1.6,81.7,714.1,9.17,4.99,82.5,Nova-I,Coastal,success
2033-05-04,8361.6,14.1,8.3,0.0,73.8,867.8,9.77,4.81,83.1,Nova-I,Island,success
2033-05-09,949.4,37.4,6.0,0.0,49.8,826.9,9.42,8.83,91.3,Nova-I,Inland,success
2033-05-14,7450.5,30.7,4.0,0.0,54.5,769.8,11.46,4.72,86.8,Aster-II,Island,success
2033-05-19,1160.4,-1.7,4.3,0.0,82.5,620.3,9.05,3.06,86.9,Vega-M,Island,success
2033-05-24,1186.0,34.2,7.6,0.0,18.5,791.9,9.43,10.47,99.1,Nova-I,Island,success
2033-05-29,2278.6,34.2,8.3,0.0,64.5,685.7,8.72,1.21,84.9,Nova-I,Coastal,success
2033-06-03,2145.0,3.9,5.9,0.0,76.8,791.5,9.67,5.05,78.2,Aster-II,Coastal,success
2033-06-08,878.3,-12.3,2.5,0.0,54.3,681.0,10.02,5.5,59.4,Vega-M,Coastal,success
2033-06-13,4306.6,17.1,7.6,0.0,68.3,746.4,11.2,4.93,87.0,Nova-I,Coastal,success
2033-06-18,4399.2,31.5,4.4,9.0,58.0,685.4,10.22,6.3,88.9,Vega-M,Inland,success
2033-06-23,5761.3,37.1,1.6,9.3,41.1,700.4,10.06,5.22,74.0,Vega-M,Island,success
2033-06-28,1974.2,7.6,11.4,0.0,40.6,753.6,10.65,6.3,71.7,Nova-I,Island,success
2033-07-03,2621.5,39.0,1.8,4.2,69.5,648.8,10.04,3.71,84.4,Vega-M,Inland,success
2033-07-08,2638.8,-8.7,5.7,0.0,43.9,848.1,12.38,2.46,85.0,Aster-II,Inland,failure
2033-07-13,9093.9,13.6,7.0,0.0,27.0,664.5,9.92,4.84,92.9,Aster-II,Island,success
2033-07-18,350.5,13.0,17.0,0.0,58.3,661.5,10.74,3.03,72.7,Aster-II,Island,success
2033-07-23,1354.2,31.8,1.7,0.0,46.3,753.8,11.08,3.49,83.8,Vega-M,Coastal,success
2033-07-28,2708.1,33.6,12.3,4.8,33.2,789.8,9.89,8.65,93.2,Vega-M,Inland,failure
2033-08-02,1234.5,29.5,13.6,0.0,57.4,702.5,10.54,10.46,77.8,Aster-II,Island,success
2033-08-07,2239.5,1.8,20.3,0.0,70.6,662.1,9.99,8.57,89.8,Vega-M,Coastal,success
2033-08-12,2463.2,28.4,15.3,0.0,56.4,670.2,10.62,7.84,89.2,Aster-II,Coastal,success
2033-08-17,1679.9,24.1,7.1,0.0,35.7,664.4,10.48,5.1,79.5,Vega-M,Island,success
2033-08-22,2825.4,-2.1,12.6,0.0,65.2,736.6,10.28,8.06,75.0,Vega-M,Island,success
2033-08-27,4239.8,-6.8,17.5,0.0,75.7,716.2,9.45,5.87,73.4,Nova-I,Island,success
2033-09-01,2275.3,30.5,1.3,0.0,98.0,743.0,11.93,12.61,84.1,Nova-I,Island,success
2033-09-06,1946.3,15.8,2.5,2.4,83.4,739.7,10.88,3.19,98.1,Nova-I,Coastal,success
2033-09-11,2393.8,2.6,8.9,0.0,36.9,764.5,9.1,6.84,90.8,Vega-M,Coastal,success
2033-09-16,2682.9,15.5,13.5,0.0,72.3,697.9,10.06,2.7,87.6,Nova-I,Inland,success
2033-09-21,770.4,22.4,11.2,0.0,60.9,680.1,9.11,6.86,95.6,Aster-II,Inland,success
2033-09-26,3760.5,17.0,9.4,0.0,34.1,728.4,11.02,2.17,87.2,Nova-I,Inland,success
2033-10-01,1949.4,-0.6,20.2,0.0,61.4,717.0,10.38,2.77,75.0,Nova-I,Inland,success
2033-10-06,6689.6,40.6,5.9,0.0,92.5,733.7,10.4,2.68,93.0,Aster-II,Coastal,success
2033-10-11,4128.0,30.1,4.2,3.8,78.7,681.6,9.71,5.59,89.9,Nova-I,Inland,success
2033-10-16,6263.2,14.0,5.1,0.0,36.7,754.7,10.14,5.87,91.8,Vega-M,Coastal,success
2033-10-21,1302.5,14.5,9.0,2.7,56.3,656.4,11.05,16.06,98.9,Nova-I,Coastal,success
2033-10-26,2064.4,22.3,6.9,0.0,65.3,696.2,11.27,4.74,91.0,Vega-M,Coastal,success
2033-10-31,1102.6,4.4,14.0,0.0,23.1,781.0,11.09,7.18,68.5,Nova-I,Coastal,success
2033-11-05,1623.4,21.9,4.4,0.0,23.8,658.9,9.13,5.35,92.9,Vega-M,Island,success
2033-11-10,6644.3,2.0,9.8,0.0,58.9,776.7,10.25,6.89,81.6,Aster-II,Coastal,success
2033-11-15,7871.4,17.2,12.7,0.0,59.2,643.9,10.61,5.31,62.8,Nova-I,Coastal,success
2033-11-20,1180.1,4.0,17.5,0.0,21.1,634.4,9.8,8.4,84.1,Nova-I,Island,failure
2033-11-25,1939.2,4.6,2.9,0.0,63.4,639.3,9.04,2.99,77.2,Nova-I,Inland,success
2033-11-30,2553.3,37.7,5.0,0.0,76.7,726.3,9.34,1.53,69.2,Aster-II,Coastal,success
2033-12-05,4111.9,18.7,6.6,0.0,51.9,759.4,11.63,6.05,97.7,Vega-M,Coastal,success
2033-12-10,759.7,20.5,2.2,0.9,57.1,789.8,9.42,2.08,95.1,Nova-I,Coastal,success
2033-12-15,850.5,-6.1,9.4,7.6,66.9,785.5,10.44,9.3,84.6,Aster-II,Inland,success
2033-12-20,3837.3,10.8,9.3,0.0,64.3,766.6,10.27,3.81,70.7,Aster-II,Coastal,success
2033-12-25,662.9,23.5,8.7,0.0,24.3,675.1,10.27,3.01,87.1,Aster-II,Coastal,success
2033-12-30,1955.3,20.3,6.3,0.0,38.8,674.6,10.14,18.0,82.5,Aster-II,Coastal,success
2034-01-04,3031.2,-7.8,16.3,3.3,48.5,762.5,11.05,4.91,77.5,Aster-II,Inland,success
2034-01-09,3638.3,20.5,5.1,0.0,39.6,796.8,10.43,4.48,80.2,Aster-II,Coastal,success
2034-01-14,2435.6,22.4,15.3,0.0,83.9,664.3,9.89,7.09,79.8,Vega-M,Island,success
2034-01-19,2072.8,33.4,5.0,4.5,68.1,789.9,10.44,7.33,96.8,Nova-I,Coastal,success
2034-01-24,4954.7,10.1,2.8,0.0,34.9,616.3,9.35,8.56,68.4,Nova-I,Inland,failure
2034-01-29,3312.1,-8.9,7.2,0.0,51.9,741.1,10.79,2.61,91.2,Nova-I,Coastal,success
2034-02-03,1692.8,6.0,8.1,4.5,77.5,714.4,9.84,6.41,82.8,Aster-II,Coastal,success
2034-02-08,2771.5,4.8,9.9,8.6,43.7,709.0,9.89,4.3,83.8,Nova-I,Coastal,success
2034-02-13,3554.2,26.8,0.9,0.0,72.2,721.7,10.82,3.18,91.3,Vega-M,Island,success
2034-02-18,9294.1,-14.6,5.8,0.0,82.3,673.9,10.07,5.07,82.5,Aster-II,Island,success
2034-02-23,4751.2,12.6,23.8,0.0,79.1,744.1,10.11,2.08,94.9,Aster-II,Coastal,success
2034-02-28,6467.1,35.1,4.7,0.0,59.4,723.3,11.36,7.71,75.0,Vega-M,Coastal,success
2034-03-05,1737.8,18.1,13.6,0.0,79.8,770.5,9.6,4.31,95.8,Nova-I,Island,success
2034-03-10,1849.3,28.8,34.0,0.0,46.1,805.9,10.81,3.94,83.1,Vega-M,Inland,success
2034-03-15,2276.8,-1.7,26.5,0.0,100.0,726.9,11.18,4.64,69.6,Nova-I,Coastal,success
2034-03-20,2432.4,-1.2,3.2,0.0,60.6,675.8,11.36,4.57,94.0,Aster-II,Coastal,success
2034-03-25,1305.3,35.2,12.8,6.9,77.8,658.6,12.18,8.56,98.1,Vega-M,Inland,success
2034-03-30,6710.8,19.2,13.4,5.9,49.1,811.7,9.87,2.93,86.9,Vega-M,Inland,success
2034-04-04,5095.0,19.2,11.5,0.0,65.5,804.8,9.69,4.12,83.8,Vega-M,Inland,success
2034-04-09,2164.4,4.6,2.8,0.0,66.3,767.9,11.07,4.46,88.3,Nova-I,Island,success
2034-04-14,4281.4,19.2,8.7,0.0,38.4,723.2,11.17,2.97,88.6,Vega-M,Inland,success
2034-04-19,3166.8,4.2,8.6,0.0,37.8,764.0,9.75,5.35,98.6,Aster-II,Coastal,success
2034-04-24,4529.1,32.2,2.4,0.0,52.1,790.4,10.8,3.5,76.3,Aster-II,Inland,success
2034-04-29,1024.6,47.0,6.0,0.0,77.0,686.6,12.63,2.52,63.4,Nova-I,Coastal,success
2034-05-04,2428.7,23.8,9.0,0.0,21.2,721.6,10.49,6.38,74.6,Nova-I,Coastal,success
2034-05-09,2586.9,10.4,7.0,0.0,49.1,660.3,11.16,10.41,75.7,Aster-II,Coastal,failure
2034-05-14,4226.0,-12.4,12.1,0.0,80.9,713.0,11.69,5.07,92.6,Nova-I,Coastal,success
2034-05-19,1715.6,-2.2,5.9,1.2,32.6,803.4,12.45,4.71,77.6,Aster-II,Inland,success
2034-05-24,445.9,36.7,8.1,0.0,79.8,778.2,10.6,4.67,77.2,Vega-M,Coastal,success
2034-05-29,1237.9,5.6,14.2,0.0,34.6,727.3,11.43,3.87,57.4,Vega-M,Coastal,success
2034-06-03,2581.3,13.5,22.0,0.0,38.6,574.6,9.75,8.69,94.4,Nova-I,Inland,success
2034-06-08,2824.2,25.9,2.7,5.7,53.2,684.6,10.42,5.18,89.2,Vega-M,Inland,success
2034-06-13,9066.1,35.8,11.8,0.0,91.6,725.5,10.03,1.74,87.4,Nova-I,Island,success
2034-06-18,4103.4,15.6,5.2,0.0,43.8,708.3,8.85,8.81,97.4,Aster-II,Island,failure
2034-06-23,2860.4,13.1,10.0,0.0,23.1,721.8,9.09,7.83,86.1,Vega-M,Inland,success
2034-06-28,2635.1,18.9,2.5,0.0,29.4,733.1,10.75,6.61,88.3,Nova-I,Coastal,success
2034-07-03,5973.0,10.5,16.5,0.0,73.7,691.2,10.77,1.32,73.5,Nova-I,Inland,success
2034-07-08,1763.6,11.1,4.0,5.2,30.3,719.6,9.55,4.95,78.0,Nova-I,Inland,success
2034-07-13,2438.2,22.9,14.3,0.0,78.6,711.9,11.68,7.61,75.0,Aster-II,Coastal,success
2034-07-18,1231.2,20.2,2.9,0.0,57.3,682.0,9.49,5.94,83.9,Vega-M,Coastal,success
2034-07-23,7492.2,43.6,2.1,0.0,55.4,819.7,10.61,5.47,95.5,Nova-I,Coastal,success
2034-07-28,3578.1,23.3,6.4,0.0,61.6,694.3,10.06,7.61,88.1,Nova-I,Inland,success
2034-08-02,1620.7,31.8,8.7,0.0,40.8,598.3,10.49,5.3,55.9,Aster-II,Coastal,success
2034-08-07,2483.9,5.1,28.1,9.2,58.6,816.3,11.14,8.83,78.2,Nova-I,Coastal,success
2034-08-12,3893.1,24.3,8.6,0.6,33.3,674.3,11.02,5.35,93.0,Aster-II,Island,success
2034-08-17,2251.8,9.3,3.2,0.0,81.6,768.6,10.98,5.15,70.4,Vega-M,Island,success
2034-08-22,1835.7,22.7,12.8,5.1,36.5,683.2,10.88,7.6,85.0,Aster-II,Coastal,success
2034-08-27,1684.0,26.3,18.3,3.2,64.3,750.7,9.36,4.09,81.2,Vega-M,Island,failure
2034-09-01,3442.8,18.6,3.8,0.0,36.3,717.4,11.33,2.93,90.5,Aster-II,Coastal,success
2034-09-06,2084.3,46.9,14.0,0.0,45.9,774.0,9.53,4.96,89.2,Vega-M,Island,success
2034-09-11,1945.5,35.1,16.8,0.4,48.9,708.5,10.31,6.58,86.5,Nova-I,Island,success
2034-09-16,1030.7,32.1,13.0,2.8,100.0,684.6,10.11,7.72,83.3,Nova-I,Coastal,success
2034-09-21,2852.4,27.2,4.5,0.0,55.7,733.9,10.69,7.74,52.7,Aster-II,Island,success
2034-09-26,2367.3,39.2,8.8,1.7,40.4,699.3,10.0,4.79,97.0,Nova-I,Island,success
2034-10-01,2139.7,0.8,10.0,0.0,47.6,615.8,10.27,4.56,90.2,Vega-M,Island,success
2034-10-06,3112.3,34.4,16.2,0.0,27.4,687.5,11.73,3.73,68.1,Aster-II,Island,success
2034-10-11,4621.9,6.1,4.8,0.0,52.9,874.9,9.34,5.58,86.8,Vega-M,Inland,success
2034-10-16,4469.9,11.2,14.2,0.0,91.2,621.6,10.4,2.25,85.2,Nova-I,Coastal,success
2034-10-21,4015.7,24.7,6.8,0.0,62.4,733.0,9.49,5.01,88.9,Aster-II,Island,success
2034-10-26,2268.1,32.8,5.8,0.0,73.2,706.9,10.95,18.0,85.9,Aster-II,Inland,success
2034-10-31,1793.2,4.2,7.9,0.0,38.7,819.2,9.8,2.41,84.9,Nova-I,Inland,failure
2034-11-05,1272.0,11.8,0.7,3.9,52.1,660.0,10.43,5.34,66.4,Aster-II,Coastal,success
2034-11-10,1759.8,19.2,1.0,0.0,59.9,725.5,9.31,5.94,81.4,Aster-II,Inland,success
2034-11-15,2735.7,15.8,1.4,0.0,42.2,757.1,11.46,6.32,83.1,Vega-M,Coastal,failure
2034-11-20,1531.3,28.2,10.3,0.0,63.6,710.3,10.46,3.11,75.2,Aster-II,Inland,success
2034-11-25,2890.4,47.0,6.3,0.0,67.7,678.6,10.51,6.34,96.9,Nova-I,Coastal,success
2034-11-30,1346.0,23.0,4.5,0.0,66.3,718.8,11.08,3.83,85.1,Aster-II,Inland,success
2034-12-05,815.7,9.2,7.4,0.0,53.1,703.3,9.37,2.5,86.4,Aster-II,Island,success
2034-12-10,4865.7,2.4,14.4,0.0,76.7,703.1,9.9,7.82,94.2,Nova-I,Inland,success
2034-12-15,1916.8,14.1,7.1,5.4,51.1,770.3,10.54,6.81,76.9,Aster-II,Inland,success
2034-12-20,1476.4,6.7,3.1,0.0,49.4,741.8,8.96,3.11,95.7,Nova-I,Coastal,success
2034-12-25,1227.1,23.6,30.9,0.0,83.4,749.8,9.04,3.82,85.2,Nova-I,Island,failure
2034-12-30,3657.7,23.4,7.6,2.2,35.0,737.8,9.73,3.75,93.6,Aster-II,Inland,success
2035-01-04,7258.5,12.4,16.9,0.0,23.6,771.8,9.46,2.25,89.8,Nova-I,Coastal,success
2035-01-09,2017.8,41.8,13.1,0.0,39.5,790.4,10.12,7.14,81.7,Aster-II,Coastal,success
2035-01-14,2309.5,9.2,5.5,0.0,63.4,704.5,10.83,7.27,80.1,Nova-I,Coastal,success
2035-01-19,5834.7,16.6,21.8,0.0,80.4,764.3,11.01,4.22,66.0,Aster-II,Inland,failure
2035-01-24,732.5,25.7,4.8,0.0,43.5,650.0,11.88,4.89,97.7,Nova-I,Island,success
2035-01-29,11116.1,28.7,10.2,6.6,90.5,598.3,10.38,5.23,77.2,Vega-M,Inland,success
2035-02-03,15673.9,33.3,9.3,0.0,56.5,818.6,10.53,5.57,82.6,Nova-I,Coastal,success
2035-02-08,384.3,23.1,9.9,1.8,53.8,702.0,10.38,2.59,83.1,Aster-II,Island,success
2035-02-13,2514.4,30.6,19.5,0.0,39.9,733.6,10.66,6.26,81.9,Nova-I,Coastal,success
2035-02-18,1607.4,10.0,7.8,1.8,93.1,653.8,10.73,2.82,80.5,Nova-I,Island,failure
2035-02-23,2229.1,29.0,8.9,0.0,53.1,651.3,11.16,6.87,78.4,Aster-II,Coastal,success
2035-02-28,1995.7,28.9,9.2,0.0,30.7,681.5,11.15,2.97,55.0,Vega-M,Inland,success
2035-03-05,4839.0,36.2,27.3,0.0,100.0,754.7,10.83,2.65,74.4,Vega-M,Island,success
2035-03-10,2487.3,-2.0,16.1,0.0,63.5,692.1,11.64,4.89,72.0,Nova-I,Coastal,success
2035-03-15,1399.9,7.1,2.0,0.0,71.2,701.9,10.42,4.83,97.0,Nova-I,Inland,success
2035-03-20,2382.8,27.9,5.0,0.0,87.9,679.8,9.9,5.21,86.4,Aster-II,Island,success
2035-03-25,3907.5,-13.8,8.2,0.0,67.7,783.0,10.03,3.23,80.4,Aster-II,Coastal,success
2035-03-30,1150.2,23.9,19.2,0.0,74.5,766.9,10.31,5.46,84.8,Nova-I,Coastal,success
2035-04-04,824.4,30.7,20.4,0.0,57.0,693.9,9.51,5.71,57.0,Aster-II,Inland,success
2035-04-09,11325.1,11.1,7.5,0.0,69.9,756.9,9.9,8.67,88.3,Aster-II,Coastal,success
2035-04-14,1698.4,12.8,4.9,0.0,55.4,706.8,9.47,5.41,67.1,Aster-II,Coastal,success
2035-04-19,2443.3,5.1,6.7,0.0,55.6,701.8,10.68,3.71,95.7,Nova-I,Inland,success
2035-04-24,2025.5,11.7,8.4,0.0,58.3,717.3,10.69,2.59,92.8,Aster-II,Island,success
2035-04-29,4002.3,12.1,6.4,0.0,48.5,754.7,8.95,2.38,75.0,Nova-I,Coastal,success
2035-05-04,9666.4,9.8,17.2,0.0,65.6,671.8,9.86,5.78,83.6,Aster-II,Coastal,success
2035-05-09,4095.1,9.1,5.9,0.0,65.5,747.1,11.9,7.25,99.6,Nova-I,Island,success
2035-05-14,904.0,14.7,3.9,6.2,71.6,854.9,10.92,3.23,73.1,Aster-II,Inland,failure
2035-05-19,995.7,14.6,6.6,3.9,68.2,729.9,10.77,5.6,98.3,Vega-M,Island,success
2035-05-24,2023.8,40.5,9.6,0.0,94.0,721.9,9.86,4.56,87.6,Aster-II,Coastal,success
2035-05-29,2223.6,13.3,17.4,0.0,76.0,715.5,10.64,6.99,90.7,Nova-I,Island,success
2035-06-03,780.7,22.1,3.6,0.0,52.1,745.8,10.39,7.51,70.5,Nova-I,Inland,success
2035-06-08,4865.5,11.1,9.6,0.0,64.6,633.0,9.75,1.67,95.2,Aster-II,Coastal,success
2035-06-13,1233.8,10.9,9.8,0.0,82.8,811.9,10.0,8.13,89.5,Aster-II,Island,success
2035-06-18,7904.4,-2.5,11.1,0.0,38.0,773.0,10.01,5.59,85.0,Vega-M,Inland,success
2035-06-23,10005.2,-0.9,5.9,0.0,94.3,685.2,9.18,3.84,81.7,Nova-I,Coastal,success
2035-06-28,2255.8,3.5,11.0,0.0,41.3,721.7,9.31,3.89,82.3,Vega-M,Coastal,success
2035-07-03,3699.9,20.2,12.9,0.0,73.1,689.9,10.24,5.03,77.2,Nova-I,Inland,success
2035-07-08,1111.0,30.9,5.9,0.0,56.1,736.2,9.7,3.89,86.2,Nova-I,Coastal,success
2035-07-13,4226.2,-3.4,8.9,4.6,55.0,723.3,10.15,3.16,95.4,Nova-I,Coastal,success
2035-07-18,1884.3,11.4,6.9,3.9,31.2,732.3,9.08,3.53,86.4,Aster-II,Coastal,success
2035-07-23,1233.0,1.6,4.3,0.0,73.2,664.5,11.06,3.01,76.6,Nova-I,Coastal,success
2035-07-28,2190.0,14.8,2.6,2.3,31.5,694.0,12.11,9.45,94.0,Nova-I,Coastal,success
2035-08-02,1928.8,30.9,4.8,6.7,28.6,781.9,11.24,5.09,79.6,Aster-II,Inland,success
2035-08-07,2134.3,12.6,5.1,0.0,78.0,691.2,11.33,14.61,85.9,Aster-II,Coastal,success
2035-08-12,5344.2,17.4,2.6,0.0,90.0,577.3,10.91,5.92,70.1,Nova-I,Coastal,success
2035-08-17,1532.4,35.5,10.5,2.5,43.3,711.9,10.62,6.57,94.1,Nova-I,Inland,success
2035-08-22,9407.1,23.5,13.5,0.0,75.1,850.2,10.47,2.98,90.9,Aster-II,Coastal,success
2035-08-27,1038.9,8.9,6.8,0.0,71.1,765.8,9.65,4.46,78.5,Nova-I,Inland,success
2035-09-01,8630.9,19.9,7.5,0.0,54.3,688.5,10.97,5.13,96.6,Nova-I,Coastal,success
2035-09-06,1297.4,8.1,5.4,0.0,81.4,717.3,10.92,3.65,92.0,Aster-II,Coastal,success
2035-09-11,2695.3,23.0,7.2,0.0,52.9,756.7,10.02,3.96,72.5,Nova-I,Coastal,success
2035-09-16,1895.2,24.2,11.1,10.4,65.8,625.2,10.83,6.06,83.3,Aster-II,Inland,success
2035-09-21,2105.9,1.6,9.6,0.0,32.2,673.8,9.83,6.12,76.1,Nova-I,Coastal,success
2035-09-26,4802.9,20.1,7.2,0.0,33.0,741.5,9.88,2.61,84.4,Nova-I,Island,success
2035-10-01,7941.6,16.6,5.1,0.0,78.2,806.1,11.04,5.68,89.0,Nova-I,Coastal,failure
2035-10-06,6356.1,24.5,12.8,0.0,66.5,696.3,10.75,6.46,74.4,Nova-I,Inland,success
2035-10-11,2015.3,28.0,5.5,0.0,53.3,804.6,10.21,3.73,78.9,Nova-I,Inland,failure
2035-10-16,3079.9,23.7,2.8,0.0,92.2,679.3,10.11,3.55,62.6,Nova-I,Coastal,success
2035-10-21,1535.9,14.4,8.5,0.0,92.0,560.0,10.54,6.12,81.8,Vega-M,Inland,success
2035-10-26,1320.9,29.2,1.7,0.0,64.3,760.2,8.89,1.44,99.0,Vega-M,Coastal,success
2035-10-31,1181.6,7.5,9.4,7.5,28.3,749.2,9.78,4.96,92.9,Nova-I,Coastal,success
2035-11-05,1968.3,2.2,9.9,4.1,53.9,759.8,9.36,10.85,72.5,Aster-II,Coastal,success
2035-11-10,3228.3,-20.3,4.8,0.0,40.2,757.6,10.41,1.42,84.3,Aster-II,Island,success
2035-11-15,681.0,17.2,5.3,0.0,57.7,730.4,11.29,7.35,78.2,Vega-M,Island,success
2035-11-20,2608.7,8.1,14.0,0.0,38.2,706.0,10.79,6.43,86.3,Nova-I,Coastal,success
2035-11-25,8034.8,22.8,25.7,0.1,33.3,708.1,9.98,2.48,81.6,Nova-I,Inland,success
2035-11-30,6049.8,-5.7,7.8,1.9,13.0,695.1,9.82,6.36,62.9,Nova-I,Island,success
2035-12-05,1769.9,10.2,4.9,0.0,59.2,698.4,9.78,8.01,72.1,Nova-I,Coastal,success
2035-12-10,986.6,23.6,9.9,14.5,12.3,622.2,12.04,2.82,87.1,Nova-I,Island,success
2035-12-15,3755.9,5.6,7.0,0.0,49.9,654.4,10.46,3.53,83.1,Vega-M,Inland,success
2035-12-20,508.5,22.9,9.5,0.0,69.2,711.2,10.56,5.02,95.2,Vega-M,Island,success
2035-12-25,5998.8,11.3,8.5,0.0,42.3,599.0,8.67,7.92,90.6,Nova-I,Island,success
2035-12-30,2312.8,17.6,8.7,0.0,35.4,611.6,9.43,3.82,88.4,Aster-II,Coastal,success
2036-01-04,10082.3,25.1,1.2,0.0,54.7,701.9,10.36,4.85,91.2,Nova-I,Coastal,success
2036-01-09,777.9,29.4,5.3,0.0,40.3,713.1,9.99,3.6,97.4,Aster-II,Inland,success
2036-01-14,5224.2,19.1,4.9,2.7,59.5,703.1,10.51,5.01,82.2,Aster-II,Coastal,success
2036-01-19,2509.0,8.2,4.9,7.1,36.4,591.5,10.5,8.19,81.6,Nova-I,Coastal,failure
2036-01-24,2125.2,12.5,11.6,0.0,54.0,803.8,10.89,5.21,94.9,Vega-M,Island,success
2036-01-29,1006.0,25.6,3.0,0.0,49.4,642.4,8.87,4.17,82.8,Vega-M,Coastal,success
2036-02-03,4142.0,5.7,1.2,0.0,55.8,675.8,9.49,4.88,93.9,Aster-II,Inland,success
2036-02-08,4388.8,15.9,4.8,0.0,87.1,651.9,10.32,3.37,68.3,Aster-II,Island,success
2036-02-13,9752.6,13.4,4.1,3.4,59.8,790.1,9.87,3.07,96.1,Aster-II,Coastal,success
2036-02-18,5573.6,16.8,7.9,0.0,65.6,742.8,10.15,8.83,83.9,Nova-I,Inland,success
2036-02-23,1758.8,5.9,4.0,0.0,44.1,694.4,10.49,10.87,69.3,Nova-I,Island,success
2036-02-28,1309.3,-4.2,6.3,2.3,60.2,690.6,9.79,2.1,86.2,Aster-II,Inland,success
2036-03-04,1007.0,24.2,5.6,0.0,50.8,729.7,10.56,6.55,86.5,Nova-I,Coastal,success
2036-03-09,7791.0,29.6,16.9,0.0,56.6,652.7,10.85,7.48,61.4,Vega-M,Coastal,success
2036-03-14,1540.3,-3.5,4.1,0.0,68.3,740.6,10.45,2.77,69.6,Aster-II,Island,success
2036-03-19,7830.4,22.4,11.2,0.5,46.5,690.4,10.99,3.95,81.6,Nova-I,Coastal,success
2036-03-24,3936.5,31.0,7.2,5.9,48.4,748.1,8.62,3.75,77.6,Nova-I,Inland,success
2036-03-29,3420.5,25.2,14.2,0.0,46.8,746.2,9.92,12.34,82.2,Vega-M,Coastal,success
2036-04-03,2162.6,13.0,20.2,0.0,46.4,687.9,11.13,10.95,77.7,Nova-I,Coastal,success
2036-04-08,4340.2,6.7,7.1,0.0,59.3,609.2,9.69,3.18,92.0,Nova-I,Island,success
2036-04-13,2667.4,19.0,1.7,0.0,49.1,706.7,9.58,2.46,76.0,Nova-I,Inland,success
2036-04-18,2067.6,21.0,3.0,0.0,84.5,641.7,10.3,7.18,73.1,Aster-II,Island,failure
2036-04-23,4452.1,19.1,2.4,0.0,100.0,724.2,10.39,6.43,92.7,Vega-M,Coastal,success
2036-04-28,2431.7,15.8,5.3,0.0,45.2,706.1,9.96,9.0,80.7,Nova-I,Inland,success
2036-05-03,1518.1,5.0,4.7,0.0,61.6,688.2,11.91,2.98,89.9,Vega-M,Island,success
2036-05-08,4154.2,23.1,8.8,0.0,75.7,650.0,10.63,7.01,65.0,Nova-I,Coastal,success
2036-05-13,2575.8,23.7,13.5,0.0,51.0,784.1,9.66,3.49,60.8,Aster-II,Coastal,success
2036-05-18,3835.3,20.4,1.5,0.0,37.1,695.5,9.22,6.68,95.0,Nova-I,Island,success
2036-05-23,1945.4,19.3,7.5,0.0,89.0,847.1,10.73,4.87,96.6,Aster-II,Coastal,success
2036-05-28,1129.4,38.2,4.2,0.0,69.0,721.9,9.64,12.33,95.5,Aster-II,Inland,success
2036-06-02,9407.4,10.5,7.7,0.0,62.1,739.0,12.17,6.14,78.3,Aster-II,Island,success
2036-06-07,8213.7,33.4,5.4,0.0,83.6,722.1,10.75,4.26,97.4,Nova-I,Coastal,success
2036-06-12,5096.6,9.2,12.0,0.0,70.6,738.4,10.86,5.29,85.8,Vega-M,Coastal,success
2036-06-17,2040.1,31.3,3.2,0.0,55.1,779.0,10.6,4.72,88.3,Vega-M,Coastal,success
2036-06-22,2172.8,32.8,4.4,0.0,37.4,779.6,11.32,2.85,86.1,Aster-II,Coastal,success
2036-06-27,7297.4,14.5,6.7,0.0,46.6,624.6,8.44,12.48,89.5,Aster-II,Coastal,success
2036-07-02,2090.7,37.9,5.8,0.0,78.9,766.2,9.41,10.67,87.3,Vega-M,Inland,success
2036-07-07,1710.5,23.6,6.7,0.0,69.0,746.8,11.25,4.55,80.8,Nova-I,Coastal,success
2036-07-12,10383.9,7.5,1.9,0.0,52.5,721.9,11.63,6.93,84.8,Vega-M,Inland,success
2036-07-17,2606.3,13.5,18.3,0.0,89.6,812.5,9.39,13.26,85.2,Nova-I,Coastal,success
2036-07-22,9636.0,31.6,5.1,0.0,53.0,814.6,8.91,8.97,73.7,Aster-II,Coastal,success
2036-07-27,985.5,29.1,3.4,6.8,74.8,768.8,10.54,4.27,96.6,Nova-I,Coastal,failure
2036-08-01,3917.0,5.3,6.8,0.0,60.2,690.6,10.8,4.75,73.5,Nova-I,Inland,success
2036-08-06,11982.2,16.3,7.6,5.5,92.7,655.6,10.52,2.17,77.9,Aster-II,Inland,success
2036-08-11,2755.7,20.4,23.4,0.0,70.3,760.7,10.35,7.18,92.3,Aster-II,Coastal,success
2036-08-16,2230.4,11.9,14.9,1.2,56.9,793.4,8.88,8.99,78.6,Vega-M,Island,success
2036-08-21,1163.5,46.3,5.7,1.2,52.6,610.5,10.09,9.02,98.0,Vega-M,Inland,failure
2036-08-26,5879.9,20.8,20.9,0.0,55.7,778.7,10.21,6.93,70.0,Nova-I,Coastal,success
2036-08-31,1549.2,17.3,18.3,0.0,42.2,706.2,9.95,5.87,84.4,Nova-I,Island,success
2036-09-05,2519.3,32.3,3.4,0.0,30.0,622.3,8.83,3.07,72.3,Nova-I,Coastal,success
2036-09-10,1108.9,13.6,26.9,0.0,61.9,745.3,10.88,5.77,69.3,Aster-II,Coastal,success
2036-09-15,8274.8,30.1,5.1,0.0,45.9,769.1,11.11,3.66,98.2,Aster-II,Inland,success
2036-09-20,6195.1,-2.0,8.2,2.1,45.8,701.0,9.75,6.37,90.8,Vega-M,Coastal,success
2036-09-25,2636.6,12.6,16.5,0.0,54.3,662.9,10.25,3.43,82.6,Aster-II,Coastal,success
2036-09-30,1175.0,30.6,1.5,4.9,57.0,812.5,9.99,6.35,93.9,Nova-I,Inland,success
2036-10-05,8150.7,36.8,6.7,3.2,56.1,683.9,10.0,9.35,99.7,Aster-II,Coastal,success
2036-10-10,2072.5,8.7,9.1,7.6,89.0,782.6,10.8,5.94,91.0,Aster-II,Island,success
2036-10-15,1217.1,7.3,14.5,0.0,68.6,638.3,10.82,5.8,54.3,Aster-II,Island,success
2036-10-20,758.4,24.8,7.3,0.0,96.0,742.5,11.28,7.68,82.5,Nova-I,Inland,success
2036-10-25,1694.1,10.5,1.6,5.0,47.7,740.9,11.26,11.59,87.1,Nova-I,Inland,failure
2036-10-30,946.4,14.8,23.3,0.0,70.9,767.2,10.26,4.7,81.6,Nova-I,Inland,success
2036-11-04,1722.6,28.5,7.5,0.0,48.7,800.6,12.73,6.36,73.9,Nova-I,Island,success
2036-11-09,4610.0,11.5,9.4,0.0,45.3,676.1,11.67,10.23,87.5,Aster-II,Coastal,success
2036-11-14,2058.5,-5.6,2.1,0.0,96.8,748.1,9.86,6.83,82.9,Nova-I,Coastal,success
2036-11-19,3484.6,2.4,17.8,3.7,41.4,646.2,10.5,1.89,83.7,Aster-II,Inland,success
2036-11-24,1602.3,18.1,5.2,0.0,13.6,645.6,8.77,3.51,90.7,Aster-II,Inland,success
2036-11-29,2826.9,-4.4,4.2,0.0,42.5,688.8,10.42,7.1,91.9,Vega-M,Coastal,failure
2036-12-04,10754.2,14.4,15.3,0.0,17.8,742.1,11.77,4.09,83.1,Nova-I,Inland,success
2036-12-09,2098.7,1.3,2.4,0.0,37.9,810.6,12.68,9.89,61.1,Nova-I,Coastal,success
2036-12-14,3557.4,37.7,9.5,0.0,39.7,820.4,10.3,12.08,88.3,Nova-I,Island,success
2036-12-19,873.8,44.0,4.1,0.0,56.7,700.8,10.67,3.73,87.3,Aster-II,Coastal,success
2036-12-24,8058.4,5.3,10.3,0.0,17.1,736.5,10.9,3.02,95.3,Nova-I,Coastal,success
2036-12-29,1913.0,21.1,12.1,0.0,78.7,770.9,12.02,4.16,93.9,Aster-II,Coastal,success
2037-01-03,5746.7,6.5,5.0,0.0,20.4,761.3,9.59,4.05,72.4,Nova-I,Coastal,success
2037-01-08,2468.4,14.3,17.1,0.0,53.6,710.8,12.58,10.35,85.1,Nova-I,Coastal,success
2037-01-13,4189.5,39.6,7.5,0.0,49.8,724.1,10.14,3.01,93.2,Nova-I,Coastal,success
2037-01-18,4372.7,12.4,23.6,1.9,71.7,714.1,9.44,7.07,77.8,Aster-II,Coastal,success
2037-01-23,1947.4,14.6,15.4,7.2,62.7,708.7,10.14,9.64,90.8,Vega-M,Coastal,failure
2037-01-28,5920.5,6.7,8.1,0.0,78.6,701.6,9.74,7.34,90.6,Aster-II,Coastal,success
2037-02-02,1561.7,31.8,8.1,0.0,49.1,713.5,10.74,6.11,70.6,Aster-II,Coastal,success
2037-02-07,4722.6,-21.2,2.6,0.0,47.2,698.1,9.05,4.58,73.3,Aster-II,Coastal,failure
2037-02-12,2036.6,12.7,15.3,3.2,63.8,658.7,10.52,12.03,82.7,Aster-II,Coastal,success
2037-02-17,3469.2,17.4,4.7,0.3,75.6,766.6,10.94,4.4,85.2,Nova-I,Coastal,success
2037-02-22,1934.0,10.1,8.8,0.0,71.7,747.9,11.62,7.81,91.2,Aster-II,Coastal,success
2037-02-27,2796.1,28.4,23.4,0.0,62.1,821.3,10.96,4.59,97.7,Aster-II,Coastal,failure
2037-03-04,1244.2,32.4,16.9,0.0,60.4,740.0,11.57,2.05,81.8,Nova-I,Island,success
2037-03-09,3223.6,1.1,3.6,0.0,55.3,697.5,9.9,4.35,86.8,Aster-II,Island,success
2037-03-14,2784.5,43.1,7.6,3.9,63.8,686.2,10.72,4.6,75.0,Aster-II,Island,success
2037-03-19,1828.2,0.9,9.4,5.3,94.7,722.6,8.57,4.62,70.6,Aster-II,Inland,failure
2037-03-24,2592.5,33.5,18.3,9.8,51.4,749.9,10.31,3.61,64.8,Nova-I,Inland,success
2037-03-29,2970.5,19.8,16.6,0.0,49.1,706.8,10.72,6.69,78.8,Aster-II,Coastal,success
2037-04-03,1730.6,12.0,11.1,0.0,47.6,640.6,10.79,7.06,79.3,Vega-M,Island,success
2037-04-08,2458.5,13.1,10.4,4.3,63.4,680.1,9.11,4.28,72.2,Nova-I,Island,success
2037-04-13,1307.7,17.6,7.5,0.0,15.7,721.0,10.08,4.26,81.4,Nova-I,Island,success
2037-04-18,14602.2,20.5,9.2,0.0,53.4,760.0,10.19,2.99,71.0,Nova-I,Island,success
2037-04-23,5782.3,7.0,6.2,0.0,72.7,639.8,10.05,5.6,95.0,Nova-I,Coastal,success
2037-04-28,3283.4,15.2,12.9,0.0,46.0,734.3,10.99,9.6,81.5,Vega-M,Island,success
2037-05-03,6272.4,8.8,10.8,0.0,59.5,731.9,10.22,9.6,91.8,Aster-II,Island,success
2037-05-08,648.7,3.4,14.9,2.5,96.1,695.6,10.48,3.72,96.4,Nova-I,Coastal,success
2037-05-13,427.7,8.2,14.6,0.0,62.3,688.3,10.0,12.88,61.9,Nova-I,Island,success
2037-05-18,2023.4,4.2,4.7,0.0,13.5,680.2,11.27,4.16,97.0,Vega-M,Coastal,success
2037-05-23,999.7,13.0,0.9,0.0,29.2,727.6,11.33,3.04,78.3,Nova-I,Island,success
2037-05-28,2274.8,23.2,4.4,0.0,51.2,780.8,10.15,2.58,89.6,Aster-II,Island,success
2037-06-02,3127.8,19.4,9.2,0.0,40.7,784.7,12.74,2.95,84.3,Nova-I,Coastal,failure
2037-06-07,5232.8,41.7,6.3,0.0,58.0,659.3,9.77,5.81,96.8,Nova-I,Inland,success
2037-06-12,1188.5,-8.5,6.1,0.0,50.4,709.9,11.23,4.38,92.9,Aster-II,Coastal,success
2037-06-17,3596.6,23.6,4.2,0.0,78.2,601.6,9.62,3.66,91.2,Nova-I,Island,success
2037-06-22,2725.4,18.1,10.1,0.0,35.3,725.9,11.03,3.3,85.9,Aster-II,Island,success
2037-06-27,3464.1,27.8,1.6,0.0,52.1,752.3,10.97,2.94,91.9,Nova-I,Inland,success
2037-07-02,1855.2,26.6,11.0,0.0,60.1,804.8,9.57,3.23,87.9,Aster-II,Island,success
2037-07-07,7301.7,16.0,11.2,0.0,62.5,623.5,10.29,8.06,94.7,Aster-II,Coastal,success
2037-07-12,2503.6,20.1,14.7,0.0,58.8,661.2,11.93,11.77,76.8,Aster-II,Coastal,success
2037-07-17,9676.1,9.1,34.0,0.0,10.2,727.8,9.73,12.13,79.9,Nova-I,Coastal,success
2037-07-22,1526.8,25.4,0.8,0.0,57.6,632.6,10.73,6.89,65.0,Aster-II,Coastal,success
2037-07-27,4604.7,-4.5,10.8,0.0,53.1,729.3,10.68,3.91,80.4,Vega-M,Coastal,success
2037-08-01,2583.9,27.3,12.3,0.0,72.4,753.6,10.37,3.59,94.2,Nova-I,Coastal,success
2037-08-06,2130.3,17.7,4.4,0.0,69.7,650.8,8.98,7.12,74.7,Nova-I,Coastal,success
2037-08-11,4252.5,12.2,6.6,0.0,60.6,727.2,11.08,4.4,73.7,Vega-M,Coastal,success
2037-08-16,2174.6,15.2,5.2,0.0,62.0,654.5,10.41,6.04,79.0,Nova-I,Island,success
2037-08-21,396.8,16.1,11.3,0.0,81.7,794.3,11.31,12.51,84.1,Aster-II,Coastal,success
2037-08-26,297.3,33.6,15.8,0.0,77.9,731.2,10.59,5.5,99.3,Aster-II,Island,success
2037-08-31,6742.2,47.0,2.9,0.0,61.2,685.4,10.45,14.78,92.0,Nova-I,Coastal,success
2037-09-05,6540.6,32.6,10.1,0.3,96.8,653.1,10.71,2.88,73.5,Aster-II,Coastal,success
2037-09-10,10497.4,11.2,17.9,0.0,44.1,741.0,9.59,6.14,71.3,Aster-II,Inland,success
2037-09-15,2663.5,25.6,4.6,0.0,33.5,793.3,11.68,5.76,97.1,Nova-I,Coastal,success
2037-09-20,1063.5,26.1,0.6,0.0,55.8,678.3,10.09,3.09,96.9,Vega-M,Coastal,success
2037-09-25,1994.0,6.9,3.8,0.0,48.9,696.3,10.1,7.28,66.3,Nova-I,Inland,success
2037-09-30,2719.6,2.9,3.4,1.8,9.2,679.4,11.46,10.33,82.3,Nova-I,Coastal,success
2037-10-05,1306.3,17.2,4.0,3.2,43.6,804.0,10.6,14.26,89.6,Vega-M,Coastal,failure
2037-10-10,8839.4,27.7,23.2,2.2,62.5,616.9,10.21,6.03,99.4,Nova-I,Inland,success
2037-10-15,13527.0,-1.3,26.6,0.0,54.9,789.4,10.74,1.99,70.1,Vega-M,Coastal,success
2037-10-20,3806.1,9.3,19.4,0.4,41.2,699.6,10.91,6.23,73.5,Nova-I,Island,success
2037-10-25,2676.3,24.9,6.2,0.0,56.8,716.1,10.3,7.07,82.5,Aster-II,Coastal,success
2037-10-30,1061.7,18.5,19.9,5.7,58.3,701.6,11.16,4.42,78.0,Nova-I,Island,success
2037-11-04,8212.7,35.0,0.9,0.0,69.6,732.9,9.36,5.49,88.8,Aster-II,Island,failure
2037-11-09,2849.6,1.1,3.3,1.9,43.8,680.6,10.61,3.93,80.5,Vega-M,Island,success
2037-11-14,2190.3,46.2,13.1,0.0,72.6,777.2,11.06,4.65,94.7,Vega-M,Island,success
2037-11-19,3814.0,-0.5,5.0,0.0,35.3,779.3,10.91,8.07,89.8,Vega-M,Coastal,success
2037-11-24,1769.2,-6.3,2.9,3.3,46.4,666.9,8.56,9.65,86.0,Aster-II,Inland,success
2037-11-29,2998.1,17.3,9.9,0.0,88.3,756.0,10.3,2.69,94.0,Aster-II,Coastal,success
2037-12-04,954.7,4.4,10.1,10.8,36.5,700.7,9.4,3.88,96.4,Aster-II,Island,success
2037-12-09,5900.0,17.5,10.8,0.0,43.5,722.8,11.45,2.31,65.1,Vega-M,Inland,failure
2037-12-14,2501.9,17.1,11.6,0.0,32.2,802.4,10.08,11.97,84.7,Aster-II,Coastal,success
2037-12-19,6212.6,15.7,9.6,0.0,40.3,683.6,11.36,7.52,92.1,Vega-M,Island,success
2037-12-24,2333.6,7.9,7.1,0.0,58.6,770.0,9.4,1.9,71.9,Nova-I,Coastal,success
2037-12-29,2445.3,23.2,8.0,4.6,69.4,744.7,10.72,4.8,95.9,Aster-II,Inland,success
2038-01-03,1126.8,14.2,13.2,0.0,55.6,709.5,10.41,4.32,63.0,Aster-II,Inland,success
2038-01-08,4661.2,31.2,9.3,0.0,49.8,739.8,12.67,3.45,98.8,Nova-I,Coastal,success
2038-01-13,1435.7,15.8,5.4,0.0,32.4,733.4,11.37,8.15,90.3,Nova-I,Inland,success
2038-01-18,1900.3,6.4,4.3,0.0,42.2,657.4,11.31,8.06,92.4,Vega-M,Island,success
2038-01-23,2699.3,-2.3,8.0,11.3,26.6,687.2,12.06,5.64,93.6,Aster-II,Coastal,success
2038-01-28,2943.3,15.9,17.9,9.5,70.0,663.6,10.63,3.64,75.4,Nova-I,Inland,success
2038-02-02,789.7,2.8,11.8,0.0,71.3,705.1,10.32,3.65,96.2,Nova-I,Coastal,success
2038-02-07,2284.3,1.8,18.5,0.0,55.2,792.6,10.22,5.06,88.8,Nova-I,Inland,success
2038-02-12,4781.8,24.3,6.1,0.0,64.4,751.4,10.67,3.98,66.0,Aster-II,Coastal,success
2038-02-17,2054.1,-3.3,8.9,0.0,72.6,642.6,8.13,4.94,83.3,Vega-M,Island,success
2038-02-22,2294.3,34.9,9.8,6.4,57.9,705.2,10.4,6.47,90.4,Vega-M,Island,success
2038-02-27,3031.9,19.9,13.6,0.0,82.5,732.6,10.59,2.37,85.4,Aster-II,Coastal,success
2038-03-04,2463.4,17.5,6.1,0.0,36.5,760.2,10.27,3.44,85.4,Aster-II,Coastal,success
2038-03-09,1284.4,5.6,11.7,0.0,49.4,684.9,9.14,4.87,87.4,Nova-I,Inland,success
2038-03-14,2627.6,27.2,17.2,0.0,47.1,653.2,10.28,10.5,79.2,Vega-M,Inland,failure
2038-03-19,5517.8,18.0,7.3,2.3,68.3,717.0,9.14,7.43,94.1,Nova-I,Coastal,success
2038-03-24,1265.4,9.8,3.9,0.0,28.8,750.7,11.85,4.94,92.4,Nova-I,Coastal,success
2038-03-29,2059.8,20.4,17.6,0.0,83.5,732.7,10.19,6.01,65.7,Vega-M,Coastal,success
2038-04-03,997.5,-2.2,12.5,0.0,66.7,672.2,8.71,4.72,84.5,Vega-M,Island,success
2038-04-08,5312.4,-1.6,2.3,0.0,89.3,814.7,10.23,8.31,65.9,Nova-I,Inland,failure
2038-04-13,2523.8,4.6,7.5,0.0,55.2,714.7,11.13,6.1,91.4,Aster-II,Island,success
2038-04-18,1462.4,22.2,24.1,6.1,45.5,730.5,10.54,9.15,85.5,Aster-II,Inland,success
2038-04-23,2882.6,18.0,11.1,0.0,68.5,684.3,9.65,2.58,73.9,Nova-I,Island,success
2038-04-28,1133.9,30.6,8.0,0.0,75.6,779.8,9.84,3.36,62.2,Nova-I,Coastal,success
2038-05-03,1281.6,7.0,3.5,0.0,42.4,750.9,10.16,5.65,82.5,Nova-I,Coastal,success
2038-05-08,942.7,24.9,3.5,4.7,18.0,737.0,10.04,6.28,82.2,Aster-II,Island,success
2038-05-13,1251.3,16.6,13.1,0.0,21.3,657.8,9.37,15.68,84.7,Aster-II,Island,success
2038-05-18,7167.3,6.7,3.8,0.0,61.0,779.1,10.34,2.08,81.0,Aster-II,Coastal,success
2038-05-23,1591.1,22.6,9.9,3.4,85.3,760.9,9.31,4.88,84.1,Nova-I,Coastal,success
2038-05-28,3773.2,17.2,7.3,0.0,31.3,774.8,11.18,4.77,86.5,Vega-M,Inland,success
2038-06-02,1477.1,10.5,9.5,2.4,50.8,722.0,11.28,5.55,75.0,Aster-II,Coastal,success
2038-06-07,4660.4,18.5,6.9,1.5,49.4,716.0,9.58,11.38,96.1,Vega-M,Coastal,success
2038-06-12,1288.5,16.4,10.8,4.0,92.5,710.2,9.81,7.54,94.0,Nova-I,Island,success
2038-06-17,2774.6,16.2,14.6,0.0,98.9,843.1,10.05,2.29,78.2,Aster-II,Coastal,success
2038-06-22,2801.9,13.0,7.0,0.0,64.1,690.7,10.37,10.34,91.6,Vega-M,Inland,success
2038-06-27,14414.9,2.3,13.8,9.6,73.1,655.9,10.61,10.2,76.7,Nova-I,Coastal,success
2038-07-02,4246.7,18.9,19.0,0.0,72.5,699.8,10.78,5.62,86.0,Nova-I,Coastal,success
2038-07-07,1760.1,8.4,9.8,0.0,31.7,691.2,10.76,2.28,80.8,Nova-I,Inland,success
2038-07-12,4417.1,5.8,12.9,0.0,69.3,788.0,11.67,4.61,76.3,Nova-I,Coastal,success
2038-07-17,12575.2,15.1,2.9,0.0,36.6,646.8,10.45,6.2,81.3,Aster-II,Inland,success
2038-07-22,834.4,26.8,7.1,0.0,52.7,689.7,9.33,7.99,97.6,Nova-I,Coastal,success
2038-07-27,1470.6,20.2,2.1,4.6,77.7,730.3,9.08,2.12,67.3,Nova-I,Island,success
2038-08-01,2274.3,11.6,5.3,0.0,57.5,788.5,11.74,3.42,91.9,Aster-II,Inland,success
2038-08-06,1997.6,11.1,7.1,0.0,76.9,758.5,10.82,8.39,90.4,Nova-I,Island,success
2038-08-11,2122.6,25.6,25.4,0.3,80.7,807.4,10.57,10.18,98.8,Nova-I,Coastal,failure
2038-08-16,1054.6,-10.8,4.4,0.0,22.6,738.7,10.77,6.09,89.7,Aster-II,Coastal,success
2038-08-21,7411.9,27.6,7.7,0.0,14.6,709.0,10.53,8.6,70.6,Nova-I,Coastal,success
2038-08-26,968.5,-4.5,3.8,0.0,78.1,766.2,10.76,6.16,92.9,Nova-I,Inland,success
2038-08-31,2335.2,1.0,6.7,0.0,78.8,646.2,10.09,7.86,66.4,Nova-I,Coastal,success
2038-09-05,5727.3,11.8,10.9,0.0,60.9,627.7,11.27,5.31,98.9,Nova-I,Coastal,success
2038-09-10,2639.3,44.0,12.1,0.0,63.5,772.7,9.97,6.24,70.9,Aster-II,Coastal,failure
2038-09-15,1332.5,38.1,6.1,0.0,73.0,731.4,9.66,2.76,89.0,Nova-I,Coastal,success
2038-09-20,1021.4,26.5,4.9,0.0,72.6,772.1,9.01,7.01,92.5,Nova-I,Coastal,success
2038-09-25,2285.6,22.3,20.6,0.0,50.2,674.0,10.21,2.72,95.9,Vega-M,Coastal,success
2038-09-30,1563.9,-4.3,5.7,0.0,74.2,789.4,11.44,7.0,75.7,Vega-M,Coastal,success
2038-10-05,3126.8,19.9,1.1,0.0,49.4,756.2,10.02,4.01,87.8,Nova-I,Inland,success
2038-10-10,983.3,11.4,17.3,0.0,60.6,718.3,9.27,5.92,62.3,Nova-I,Coastal,success
2038-10-15,4843.5,8.2,1.4,0.0,59.8,731.2,10.63,3.14,96.0,Aster-II,Coastal,success
2038-10-20,2931.3,19.9,17.3,1.1,39.7,738.7,9.87,3.89,78.3,Vega-M,Inland,success
2038-10-25,3092.3,12.3,2.1,0.0,41.9,673.7,11.67,5.91,60.4,Vega-M,Island,success
2038-10-30,7612.7,28.4,2.6,9.1,98.4,699.2,11.28,7.11,86.0,Nova-I,Coastal,success
2038-11-04,1968.0,-5.2,3.2,0.0,39.1,737.9,9.36,8.37,71.9,Nova-I,Inland,success
2038-11-09,1599.4,18.9,5.4,0.0,63.0,697.0,10.26,2.85,84.1,Nova-I,Island,success
2038-11-14,1818.2,7.5,17.4,0.0,67.0,640.7,9.78,2.41,87.9,Vega-M,Inland,success
2038-11-19,2348.1,13.1,3.3,0.0,55.0,735.9,9.45,3.1,57.0,Vega-M,Island,success
2038-11-24,2526.3,21.7,10.9,0.0,68.8,765.1,10.35,2.97,81.8,Nova-I,Island,success
2038-11-29,1483.1,4.6,9.3,2.1,62.3,777.7,11.07,10.51,81.3,Aster-II,Coastal,success
2038-12-04,628.5,20.0,8.2,1.3,39.5,748.7,10.33,9.42,84.1,Nova-I,Coastal,success
2038-12-09,1801.1,15.5,15.4,0.7,66.2,764.2,9.98,3.07,71.8,Aster-II,Inland,success
2038-12-14,3495.0,10.1,8.7,5.4,45.7,773.3,8.59,11.26,80.4,Vega-M,Island,success
2038-12-19,2975.3,12.4,9.2,0.0,89.1,724.3,9.85,9.16,86.6,Aster-II,Inland,success
2038-12-24,6397.6,16.1,12.8,0.0,64.2,605.6,10.85,2.27,72.3,Nova-I,Coastal,success
2038-12-29,11025.3,8.8,5.5,0.0,42.7,782.6,9.3,3.02,59.3,Aster-II,Inland,success
2039-01-03,4659.8,18.1,7.8,0.0,62.5,671.8,11.45,2.23,74.4,Nova-I,Coastal,success
2039-01-08,7298.4,14.7,9.8,2.8,38.4,658.9,9.92,4.75,81.9,Vega-M,Island,success
2039-01-13,4684.8,10.7,14.4,0.0,60.9,660.4,10.56,4.99,94.1,Nova-I,Inland,success
2039-01-18,9238.4,37.1,7.1,0.0,51.7,854.2,10.07,4.99,77.9,Vega-M,Inland,success
2039-01-23,10225.2,23.0,7.7,0.0,40.3,743.8,9.44,1.87,95.5,Nova-I,Island,success
2039-01-28,5349.9,13.4,10.7,9.1,40.1,663.8,10.76,2.5,49.5,Nova-I,Inland,failure
2039-02-02,4485.4,19.8,7.2,0.0,100.0,683.1,9.91,5.61,79.3,Nova-I,Inland,success
2039-02-07,2326.8,5.7,4.5,0.0,57.7,720.0,9.72,6.68,71.1,Nova-I,Island,success
2039-02-12,2618.2,12.8,12.8,0.0,47.8,749.3,8.45,1.88,47.0,Nova-I,Island,success
2039-02-17,2114.9,14.2,8.7,0.0,44.5,735.1,11.47,2.68,91.1,Aster-II,Island,failure
2039-02-22,4218.8,3.0,5.9,0.0,65.0,669.9,10.41,8.09,85.9,Nova-I,Coastal,success
2039-02-27,1605.8,22.6,3.2,2.2,43.9,737.1,11.31,2.75,95.7,Nova-I,Inland,success
2039-03-04,2350.5,11.9,1.4,0.0,35.2,687.0,10.91,4.92,83.0,Nova-I,Coastal,success
2039-03-09,494.9,13.7,11.1,0.0,55.4,776.5,11.31,2.63,92.6,Nova-I,Island,success
2039-03-14,9326.6,11.2,4.4,0.0,55.2,723.0,9.94,7.38,93.1,Vega-M,Inland,success
2039-03-19,2301.4,47.0,2.0,0.0,48.1,679.0,9.27,1.88,73.4,Vega-M,Coastal,failure
2039-03-24,3744.4,10.0,4.0,0.0,39.1,757.2,11.03,4.28,92.5,Nova-I,Coastal,success
2039-03-29,7704.9,-6.8,9.8,0.0,48.6,740.7,10.51,7.78,95.4,Aster-II,Coastal,success
2039-04-03,3348.3,-1.2,4.3,0.0,47.1,694.4,10.02,6.64,64.4,Aster-II,Inland,failure
2039-04-08,7630.6,27.1,9.9,0.0,44.4,759.4,11.01,3.96,62.0,Vega-M,Coastal,success
2039-04-13,1103.2,34.0,5.1,4.1,61.3,754.0,10.65,3.54,76.4,Nova-I,Coastal,success
2039-04-18,15155.4,9.8,7.7,0.0,98.3,784.9,10.92,4.43,96.5,Nova-I,Island,success
2039-04-23,5900.1,33.3,8.2,0.0,81.3,758.3,9.56,2.67,93.0,Aster-II,Island,success
2039-04-28,3135.8,26.9,12.3,2.0,92.9,708.4,11.2,4.72,80.9,Vega-M,Coastal,success
2039-05-03,7525.5,15.7,12.6,0.5,45.2,628.7,10.4,4.76,76.3,Aster-II,Coastal,success
2039-05-08,1162.8,14.9,7.9,0.0,87.8,730.1,11.29,4.05,86.0,Aster-II,Island,success
2039-05-13,2191.2,20.2,3.6,0.0,60.3,738.5,11.19,8.01,94.4,Nova-I,Inland,success
2039-05-18,7630.1,28.5,16.4,0.0,74.7,722.8,10.96,2.96,94.3,Aster-II,Inland,success
2039-05-23,703.3,22.8,5.8,1.6,64.7,560.0,10.31,2.19,91.5,Vega-M,Coastal,success
2039-05-28,4038.1,9.9,0.7,0.0,49.5,756.7,10.98,3.85,62.9,Nova-I,Coastal,success
2039-06-02,3956.7,15.9,9.5,0.0,69.7,670.7,11.31,5.26,82.8,Aster-II,Coastal,success
2039-06-07,11134.9,41.8,9.8,0.0,65.2,757.0,10.9,4.71,86.7,Nova-I,Inland,success
2039-06-12,862.9,21.0,5.9,0.0,22.4,811.8,10.57,4.61,79.8,Aster-II,Coastal,success
2039-06-17,8595.0,28.4,2.2,0.0,53.6,706.3,10.98,2.88,92.9,Aster-II,Coastal,success
2039-06-22,1803.0,24.5,1.7,0.3,72.6,743.7,9.97,3.09,89.5,Aster-II,Inland,success
2039-06-27,1955.0,21.3,6.3,0.0,61.3,721.8,11.64,3.92,91.4,Vega-M,Island,success
2039-07-02,1119.0,19.3,3.3,6.1,64.9,748.4,9.02,3.77,76.6,Aster-II,Island,failure
2039-07-07,1232.4,28.8,14.4,0.0,41.7,725.6,10.43,8.39,84.4,Nova-I,Inland,success
2039-07-12,3606.7,26.6,6.1,0.7,60.9,692.1,10.07,5.62,85.3,Nova-I,Inland,success
2039-07-17,1210.9,21.2,5.5,0.0,54.2,671.1,9.87,3.84,88.2,Nova-I,Coastal,success
2039-07-22,4596.3,9.7,23.7,0.0,52.1,805.9,10.65,8.38,67.8,Nova-I,Coastal,success
2039-07-27,1673.5,22.6,0.8,6.1,43.1,743.7,9.48,6.14,68.8,Nova-I,Inland,success
2039-08-01,1126.2,17.2,7.7,11.3,73.4,764.8,12.16,2.58,85.3,Aster-II,Coastal,success
2039-08-06,1844.5,14.3,1.5,1.1,62.6,741.5,9.29,1.04,83.5,Nova-I,Inland,success
2039-08-11,3437.3,47.0,17.6,2.9,60.6,772.7,9.62,2.62,94.2,Nova-I,Island,failure
2039-08-16,2209.0,-0.5,2.0,0.0,95.0,671.6,9.54,6.59,88.5,Vega-M,Island,success
2039-08-21,2764.5,29.5,10.1,0.0,65.0,724.5,10.56,7.6,76.9,Nova-I,Coastal,success
2039-08-26,4452.7,7.6,9.1,0.0,78.8,747.3,11.23,2.23,92.2,Aster-II,Coastal,success
2039-08-31,5880.2,19.6,1.5,0.1,61.2,789.8,10.83,6.79,54.2,Vega-M,Coastal,failure
2039-09-05,2157.6,47.0,10.1,1.1,49.3,864.3,11.61,6.67,60.8,Aster-II,Coastal,success
2039-09-10,1271.8,6.5,5.1,2.4,35.9,742.0,9.72,9.68,94.4,Nova-I,Coastal,failure
2039-09-15,2849.2,9.3,11.5,6.1,60.6,684.3,10.94,7.82,98.9,Nova-I,Coastal,failure
2039-09-20,3785.3,17.8,4.8,0.0,8.0,655.4,10.15,9.48,94.2,Aster-II,Island,success
2039-09-25,942.3,7.8,10.1,0.0,61.2,671.1,10.59,6.26,96.2,Aster-II,Inland,success
2039-09-30,1420.5,28.6,7.1,0.0,62.0,678.2,11.31,6.16,87.5,Nova-I,Island,success
2039-10-05,1607.1,11.6,10.1,0.0,51.9,563.3,9.01,4.21,96.0,Aster-II,Coastal,success
2039-10-10,2322.4,25.8,11.3,6.5,54.2,683.5,12.03,7.34,56.9,Aster-II,Coastal,success
2039-10-15,1559.4,2.0,6.6,0.0,32.2,758.7,10.28,2.61,77.9,Nova-I,Coastal,success
2039-10-20,4487.6,-3.7,5.8,13.2,82.3,724.1,9.08,4.63,81.3,Aster-II,Coastal,success
2039-10-25,849.2,15.3,11.1,0.0,49.6,706.0,9.83,6.42,70.2,Nova-I,Coastal,success
2039-10-30,864.9,-0.8,5.1,0.0,37.5,632.4,10.48,9.74,85.7,Nova-I,Island,success
2039-11-04,2120.9,36.2,6.7,5.0,66.3,776.7,9.83,3.94,95.6,Vega-M,Coastal,success
2039-11-09,2376.8,-0.4,19.8,0.0,58.1,747.6,8.72,7.88,83.1,Nova-I,Coastal,success
2039-11-14,946.4,5.5,7.7,0.0,49.2,719.3,10.48,4.51,75.4,Aster-II,Inland,success
2039-11-19,1742.6,23.0,12.6,0.0,47.2,601.1,9.81,7.95,88.8,Nova-I,Inland,success
2039-11-24,2020.8,11.0,4.5,0.0,55.9,693.5,10.93,3.37,87.4,Nova-I,Inland,success
2039-11-29,2032.1,-0.2,10.0,0.0,81.6,743.4,9.52,7.02,62.4,Vega-M,Coastal,failure
2039-12-04,3009.0,42.5,6.8,0.0,64.9,718.5,12.25,4.73,83.4,Nova-I,Island,failure
2039-12-09,1675.2,6.0,5.9,5.0,55.3,730.4,10.82,2.8,66.6,Nova-I,Coastal,success
2039-12-14,7816.9,15.6,1.3,0.1,72.2,757.0,10.56,4.6,64.5,Vega-M,Coastal,success
2039-12-19,3833.4,15.5,3.4,4.8,56.5,728.4,10.91,9.34,72.9,Aster-II,Inland,success
2039-12-24,1508.5,26.5,1.1,0.0,63.6,755.1,8.91,3.04,96.1,Aster-II,Island,success
2039-12-29,2887.2,23.5,24.7,4.4,58.9,674.4,9.99,2.43,94.7,Nova-I,Coastal,success
2040-01-03,2949.2,8.1,7.1,0.0,67.2,654.0,11.86,6.0,80.4,Nova-I,Inland,success
2040-01-08,6467.9,14.1,7.8,0.0,47.6,745.8,10.14,2.21,87.2,Aster-II,Coastal,success
2040-01-13,1750.6,15.3,14.1,0.0,34.4,756.9,10.35,10.49,96.3,Nova-I,Coastal,success
2040-01-18,4686.7,27.0,9.4,7.3,73.2,748.0,10.02,10.36,95.2,Nova-I,Coastal,success
2040-01-23,2779.8,4.0,5.9,0.5,84.6,727.1,11.6,8.15,76.6,Aster-II,Inland,success
2040-01-28,7894.5,42.2,5.9,12.9,35.3,702.5,10.2,4.93,79.4,Nova-I,Coastal,success
2040-02-02,6832.5,8.9,3.2,0.0,59.4,731.4,9.37,11.01,95.0,Nova-I,Inland,success
2040-02-07,3108.3,17.9,10.6,0.0,47.5,740.5,12.51,9.45,93.3,Nova-I,Coastal,success
2040-02-12,2233.1,4.1,10.9,0.0,72.8,743.7,9.27,3.84,92.8,Aster-II,Island,success
2040-02-17,3884.5,2.4,7.8,0.0,60.7,860.8,10.32,9.88,76.6,Aster-II,Island,success
2040-02-22,2368.7,7.5,6.9,0.0,100.0,670.3,9.71,3.2,96.5,Vega-M,Coastal,success
2040-02-27,9043.7,6.4,10.9,0.0,50.3,894.2,9.82,4.51,58.8,Nova-I,Coastal,success
2040-03-03,2854.1,13.0,3.1,0.0,85.2,652.1,9.53,2.09,92.6,Nova-I,Coastal,success
2040-03-08,2014.1,6.3,9.7,0.0,87.1,740.8,9.96,5.31,83.0,Aster-II,Island,success
2040-03-13,1937.4,26.3,20.5,0.0,66.1,655.5,11.21,4.3,67.1,Nova-I,Coastal,success
2040-03-18,1126.2,8.6,4.7,0.0,56.7,736.5,8.84,3.99,79.6,Aster-II,Inland,success
2040-03-23,4026.8,7.3,6.4,0.0,57.8,773.0,11.43,4.57,84.0,Vega-M,Coastal,success
2040-03-28,1494.6,13.3,17.1,0.0,56.2,721.8,11.29,3.75,74.4,Aster-II,Island,success
2040-04-02,5947.1,29.9,7.9,0.0,77.5,772.5,10.82,5.05,95.2,Nova-I,Inland,success
2040-04-07,1063.3,20.6,13.3,0.0,39.4,697.1,10.5,9.17,98.4,Vega-M,Inland,success
2040-04-12,2956.1,16.8,10.1,0.0,52.9,609.3,10.63,2.98,85.6,Nova-I,Island,success
2040-04-17,6174.4,0.8,10.7,3.0,50.6,753.8,11.57,7.49,72.6,Vega-M,Coastal,success
2040-04-22,572.7,4.3,4.5,0.0,23.2,721.7,8.97,5.49,79.0,Aster-II,Island,success
2040-04-27,11535.1,2.7,4.3,0.0,72.3,694.1,11.0,5.93,64.2,Aster-II,Coastal,success
2040-05-02,1985.8,33.7,12.1,0.0,76.2,697.8,9.79,4.88,88.4,Vega-M,Inland,success
2040-05-07,2985.7,24.4,2.3,0.0,43.9,742.0,11.08,3.51,65.9,Aster-II,Island,success
2040-05-12,4070.2,7.7,6.7,0.0,75.6,676.0,9.9,6.13,74.7,Aster-II,Inland,success
2040-05-17,4549.7,11.2,10.9,0.0,25.9,740.3,10.98,6.35,79.3,Nova-I,Inland,success
2040-05-22,3285.2,8.1,6.4,2.9,56.5,784.2,9.13,3.37,73.3,Aster-II,Coastal,success
2040-05-27,5531.0,7.4,7.0,0.0,53.6,831.2,9.01,2.61,63.8,Aster-II,Coastal,success
2040-06-01,3919.5,23.5,13.7,0.0,57.7,795.8,10.31,5.16,89.4,Nova-I,Coastal,success
2040-06-06,9583.8,14.5,18.4,4.9,57.6,728.7,11.58,7.12,78.2,Aster-II,Inland,success
2040-06-11,3928.7,43.0,31.0,0.0,54.5,733.9,10.84,8.02,85.5,Aster-II,Inland,success
2040-06-16,11098.2,33.0,17.4,0.0,48.6,698.4,10.83,8.83,96.5,Nova-I,Coastal,success
2040-06-21,5160.4,33.7,5.5,0.0,53.9,694.9,11.11,5.92,82.3,Nova-I,Coastal,success
2040-06-26,735.0,26.1,3.9,0.0,81.9,767.1,10.07,4.37,87.2,Aster-II,Coastal,success
2040-07-01,17676.5,12.9,5.5,0.0,45.0,703.4,10.9,4.95,90.4,Nova-I,Coastal,success
2040-07-06,1783.7,25.2,11.1,0.4,98.9,739.8,9.92,2.73,78.7,Nova-I,Coastal,success
2040-07-11,7917.2,13.8,6.0,0.0,43.9,668.0,10.14,3.57,85.9,Aster-II,Island,success
2040-07-16,2749.8,37.6,4.6,1.6,60.6,794.0,10.24,4.83,94.3,Nova-I,Inland,success
2040-07-21,5790.6,22.9,19.9,0.0,66.9,702.6,9.95,4.36,89.6,Nova-I,Coastal,failure
2040-07-26,1643.0,21.1,5.8,1.5,50.5,778.8,10.35,5.18,96.0,Aster-II,Inland,success
2040-07-31,4232.4,19.5,10.5,0.0,82.3,682.0,10.19,2.56,78.9,Nova-I,Island,success
2040-08-05,2247.8,38.9,10.3,0.0,66.4,679.1,9.82,2.85,89.1,Vega-M,Coastal,success
2040-08-10,8407.5,0.8,1.4,0.0,52.1,791.7,10.28,7.19,79.0,Vega-M,Coastal,success
2040-08-15,3699.1,40.1,19.1,0.0,82.1,686.2,10.53,3.32,97.7,Aster-II,Coastal,success
2040-08-20,5291.6,15.8,2.9,0.0,36.7,635.3,9.5,3.58,81.0,Vega-M,Coastal,success
2040-08-25,567.9,1.1,2.1,0.0,45.3,663.8,10.74,5.18,79.5,Vega-M,Island,success
2040-08-30,2536.1,9.0,5.3,1.3,66.7,766.3,10.0,3.17,91.9,Nova-I,Island,success
2040-09-04,3625.0,-1.8,3.9,0.0,71.2,761.1,10.56,8.42,85.6,Aster-II,Coastal,success
2040-09-09,3168.5,25.8,17.2,0.0,62.1,678.8,9.85,2.71,88.2,Nova-I,Inland,success
2040-09-14,5388.6,5.5,9.3,2.3,53.6,685.9,11.26,4.96,78.6,Aster-II,Coastal,success
2040-09-19,2072.6,20.0,4.9,0.0,51.2,756.3,11.18,3.46,58.9,Aster-II,Inland,success
2040-09-24,2793.7,31.6,2.0,0.0,77.5,791.1,9.54,5.34,71.0,Nova-I,Island,success
2040-09-29,6313.7,9.9,10.0,7.1,60.6,716.3,10.83,3.9,75.2,Nova-I,Coastal,success
2040-10-04,522.9,14.8,6.2,0.0,39.4,749.9,11.59,4.9,87.9,Vega-M,Coastal,success
2040-10-09,4123.0,2.4,11.0,0.0,38.3,767.2,9.62,8.9,72.1,Nova-I,Inland,success
2040-10-14,2120.9,13.3,9.3,0.0,84.8,836.3,9.69,3.56,91.8,Nova-I,Island,success
2040-10-19,1398.5,47.0,4.0,0.0,42.3,657.6,11.0,3.55,90.2,Nova-I,Coastal,success
2040-10-24,3436.9,27.3,12.0,0.0,61.2,683.9,9.33,4.26,61.4,Aster-II,Coastal,success
2040-10-29,6527.4,14.8,2.6,0.0,81.7,692.7,9.76,10.05,75.9,Vega-M,Coastal,success
2040-11-03,5699.8,10.7,6.0,6.8,66.3,764.7,9.57,4.74,58.8,Aster-II,Inland,success
